x;y
0,593048365508393;2,60626113321193
0,620764091714185;2,74191669317364
0,377392407047167;1,7639308278553
0,577325110910352;2,58163921024969
0,566031737280673;2,51956787119139
0,603798508581537;2,7208626080775
0,565897787124268;2,53361094893372
0,533434223505324;2,42648461986837
0,531227594094805;2,38625484772472
0,514416582125943;2,37563762083355
0,622882743193518;2,78657476320394
0,584293560359613;2,66373950467121
0,573359758805794;2,59278040387394
0,516273923771446;2,28659479875332
0,379943562055689;1,77439429337336
0,475985913664086;2,1998195579096
0,489919711752174;2,18673984836369
0,500366213636064;2,2470316096329
0,492043064687473;2,18776107725235
0,571899645136333;2,58298947740395
0,403140150715511;1,90903254309042
0,432943826349154;1,99634528716204
0,470340975141744;2,15285843864099
0,587271445455861;2,61102841121428
0,390413867217788;1,78702791713517
0,49994383963016;2,27589490307092
0,524463388974986;2,27847045031873
0,416033773717585;1,91952512476035
0,606436698130458;2,71127441333482
0,620975902062071;2,74699542650357
0,564846789909487;2,49685575716778
0,560443777166701;2,48576381882286
0,576964551959737;2,57720550054051
0,432216225622185;1,9851014397692
0,530288186350093;2,38498367553346
0,457127726909521;2,06006618380341
0,457857035551016;2,10584486047953
0,525219375959925;2,30974751789947
0,620797958617292;2,66175248251134
0,411851652363588;1,96688283305584
0,606054469754122;2,7097882463605
0,498277456008381;2,22425497512518
0,624112092628001;2,6964498003868
0,561049809845404;2,49933226100829
0,58448201744674;2,63740740769868
0,551657457475846;2,40999352092019
0,369413789908574;1,75220555129313
0,541041407242882;2,45698921754177
0,570454259595968;2,56062916290467
0,3949978539626;1,78800110983069
0,431240184330867;1,96247544357694
0,532874235226264;2,33825004017628
0,505491273069476;2,28507766114416
0,4384942937399;2,02691443336882
0,58595796587708;2,60067234030756
0,39060075567998;1,81004033912328
0,387763537636429;1,78198793115665
0,588800357680381;2,62538237883103
0,394454888024266;1,81799641860766
0,579409484021926;2,54670324669624
0,471128670329319;2,19697863782652
0,413287129514902;1,93910590262903
0,468110735921454;2,11551611705935
0,363429752062395;1,77446103062891
0,38946166417117;1,81994761593757
0,512545129388222;2,29919797821908
0,577138922354339;2,6241433011042
0,569017167325813;2,54379525919113
0,585414996800728;2,61167291424339
0,452697334316083;2,09808253948315
0,544296811959055;2,42421725619825
0,525361120249497;2,35151295769113
0,550525029837221;2,44580528346182
0,57456236848133;2,48759691176318
0,490388945786332;2,10975599951454
0,624004282804992;2,74903136625521
0,421191682631701;1,97993905074255
0,52406436496374;2,2688541560028
0,613943943347809;2,71606084401276
0,617172743111744;2,73638537917552
0,544593982682522;2,41724518388566
0,462671155148703;2,09411935405549
0,622327460212894;2,7720045453655
0,463387573643287;2,10224435115481
0,465835740169876;2,12585847947886
0,585769273950905;2,60674479695195
0,577408720912096;2,60733217877934
0,426321748933519;2,00507737052517
0,487637698558995;2,20685614248616
0,443305600584432;1,98420931362105
0,460543880843189;2,14534685690783
0,488906884816422;2,17318515701882
0,458487891876227;2,08487357502555
0,565428873936478;2,53061266180545
0,409349919415211;1,79167172796747
0,441980839061133;2,00530900980861
0,413471801319345;1,86950621642003
0,553256942196419;2,42956767653184
0,5560268524998;2,46798028342683
0,502925451155237;2,30454523703271
0,522931587404046;2,31609355403419
0,510569836292642;2,31437620557342
0,592816177509653;2,66633383494014
0,597971277897332;2,69419392545308
0,435322027938469;2,00722168113851
0,410479800583954;1,85315768342384
0,609814364973325;2,61064144213279
0,47068024379049;2,14151794441809
0,458469924287519;2,05070847857569
0,46596287070792;2,06198457962358
0,409085162884473;1,89491056871647
0,553794472702696;2,47554088350687
0,381805717933694;1,74464805512414
0,588823568961819;2,64720162372204
0,476512750764392;2,13215579834187
0,586647968725187;2,53210581076409
0,485305861126989;2,19712386436502
0,598929431907595;2,69790162913969
0,600357513646199;2,66547570382473
0,578627375211495;2,55573585106435
0,45990194315047;2,09088214315364
0,430736468342003;1,97576409384133
0,586794464102647;2,63359006271558
0,551232827042613;2,41127174128179
0,436040705037782;1,91817941778323
0,356130244301256;1,7376492232494
0,43158253028693;1,95337050661408
0,543151085974967;2,4472426701866
0,584772966952735;2,5923207796604
0,361199527123291;1,61854531892766
0,417776830463325;1,93209241985864
0,52869892663822;2,34303477867322
0,525338239612729;2,34685802478802
0,605849848798435;2,71212700223468
0,478899507744513;2,17290792245559
0,515601365039351;2,26792492535696
0,596728214297933;2,65191430261595
0,542544189892925;2,38025667424448
0,442286113749048;1,97448489482137
0,370582086185818;1,78713680079874
0,401049296635395;1,88147364264457
0,568037351766896;2,49524730791143
0,40196351563477;1,85526360151616
0,59168411561027;2,56994140749606
0,467445695304993;2,09034114013591
0,579381514287863;2,59416283596719
0,369873095444747;1,75357563203545
0,351578276679063;1,65680614028055
0,602371229022894;2,63312655531875
0,546057920699794;2,39582536590353
0,394715355140064;1,87946972815541
0,432837722263271;2,01666340682909
0,362053683810736;1,76859568163907
0,365987159604531;1,73128395966768
0,51344233898319;2,28085628860264
0,548333066756048;2,39401080687318
0,569911200669824;2,52539817420825
0,43709115534079;1,98461011385097
0,380322732337066;1,77760348519157
0,370446216714914;1,76833685229578
0,400568199098663;1,91080652382154
0,489143974591973;2,18499655180315
0,534209609463634;2,38353312714123
0,539018668718521;2,40405160952744
0,441982385783981;2,02850135707461
0,429429803450412;1,98203964799656
0,422287489852165;1,93734559089537
0,516588465027595;2,32492874151956
0,53904612746792;2,35763712786895
0,384479737568436;1,8043636847428
0,497960673118418;2,20392112635333
0,489801938848938;2,18229664527543
0,518883254054159;2,29533219799497
0,481482963656896;2,13958415917023
0,377881244153972;1,76259923330661
0,594796758486385;2,58283727228541
0,465323492869693;2,11488175973553
0,567691052676186;2,58032795336849
0,364466558389632;1,74492882503493
0,562748013549781;2,54426225191924
0,599766474803493;2,63950635564614
0,522507105034047;2,33312057467545
0,538618678453783;2,39705129503613
0,512751404848082;2,31265102771539
0,369871598866151;1,80606071401078
0,529138110752344;2,33512644770739
0,514438558693217;2,29323017501886
0,547498597419457;2,42128389323758
0,467444831901654;2,10295560912333
0,448220579742736;2,04713850081028
0,619422740256281;2,73403652388455
0,571441222856269;2,57821272952975
0,519241394040903;2,31042807368245
0,602229195139055;2,71008382692396
0,460326378001905;2,13081520476128
0,538611842889165;2,3763747585101
0,580573556590491;2,54892543894546
0,548383669479593;2,45798069452316
0,49351442738428;2,17355505974767
0,558588359062416;2,4978278920862
0,549888182074332;2,40644042720806
0,478959078348176;2,17559781806134
0,517339059167869;2,30630217392242
0,491746553396152;2,23965918435519
0,470837492516478;2,10762449708377
0,378155391941143;1,81696968209848
0,418021951196368;1,97990503709475
0,352723621041693;1,65139827321596
0,422079259919193;1,93609925350003
0,51792187332848;2,30898774033414
0,533460729065634;2,32745356660613
0,410484686926837;1,85753537334077
0,604251449768175;2,69375741672058
0,385704847091818;1,83149230776408
0,511326321902295;2,35409102283505
0,441564615186977;1,96757285367208
0,425746741842395;1,927987371993
0,487077336023213;2,16314565776105
0,463757192565254;2,08865666684671
0,369895698014663;1,71236564797712
0,595121063910823;2,65297400916717
0,430912596795384;1,96096386841988
0,566944396044508;2,58034742593219
0,361976864416694;1,69915563463422
0,428914688705896;2,02405730064117
0,598193991258009;2,65341083833761
0,453136900692077;2,08280336096564
0,541618464932946;2,42392186630924
0,459995019593005;2,12170169584047
0,50989449375401;2,31840994376853
0,592564062325797;2,61712471526699
0,571990626343218;2,55553306989521
0,456084413420894;2,10788568277678
0,450753127711257;2,01452386023963
0,53837998796866;2,36967905289951
0,517121587578687;2,32546794159292
0,481694264813271;2,15468876547612
0,433166019503235;2,07368697626659
0,440684476155753;2,00118801160509
0,40817882107969;1,88165600776545
0,47316734371094;2,12451845316551
0,603446261344995;2,65493410001993
0,538391125052004;2,38406949457354
0,473123135884577;2,14597571468609
0,501058627635017;2,27430427019993
0,365025416982081;1,68099948397546
0,53985388906616;2,49341956306104
0,526642133890268;2,33341969318855
0,478185172830082;2,18964174528524
0,585912928333045;2,58708380669554
0,488121359088238;2,17761906857013
0,535677015119282;2,37204044232859
0,535328618999769;2,36496910669003
0,542560617034822;2,40668888304343
0,604603963095866;2,74261216439509
0,385819947556149;1,82974012733959
0,464196103991986;2,08066229441062
0,357316491260333;1,69395498603694
0,503064851729338;2,17290045273247
0,456408693036732;2,14208827620637
0,459186213098691;2,13339873152352
0,392430287246108;1,86012505045692
0,432198623452514;1,99817835213249
0,35388139080431;1,63501791991863
0,610926728122521;2,69560653397298
0,418277061778857;1,99786467872113
0,615742716506207;2,74894396894589
0,58572798544224;2,60657741939551
0,4362347972374;1,98233747514955
0,615690395429421;2,71582937838003
0,378649263966395;1,79131075165838
0,401614106127448;1,91893483764039
0,432320604950708;2,02425329205548
0,46125220754115;2,09217234064383
0,584260502424832;2,58337645648197
0,581656483398306;2,62701981591681
0,424718599583866;1,94462897480832
0,369175334390581;1,7838841030924
0,35065965331081;1,62454897470758
0,49273157185356;2,24181594970768
0,462820259436208;2,1305857825984
0,468400644437887;2,1335903368708
0,475724377892932;2,1556883813071
0,486140964919661;2,18667117866191
0,531047045646495;2,30750851685317
0,45432505550228;2,05405083830046
0,61955055385767;2,68572685408995
0,422541834694132;1,94763951039145
0,447636700513076;2,04947877485319
0,533608699119603;2,3729200411123
0,606918396629728;2,75228383182858
0,573038985701336;2,55290614290109
0,509151323332654;2,34302007173859
0,622492487510039;2,75760807600826
0,606019004318842;2,73099177148534
0,510511421504397;2,29330753982041
0,512913161369472;2,33141318950142
0,488299354662546;2,2223700392445
0,550567086263809;2,47160202309529
0,354561555900799;1,67530812676397
0,447037251268821;2,11195818477962
0,492980371048581;2,27279923411446
0,407102945719349;1,92808803108246
0,502237267781412;2,26741053744447
0,574562128070699;2,50431340349048
0,364276473119261;1,74957646438755
0,380062888918429;1,80923283052712
0,57010032058328;2,55088493976819
0,381368438340553;1,78869473545675
0,444889820254562;2,03755933110329
0,396982850771584;1,91481393804694
0,477668884338616;2,13703028036213
0,564702878978336;2,54284328497614
0,497462393330105;2,26322892185232
0,611988856016527;2,73684656966339
0,35054022052394;1,60786209145279
0,405025765586281;1,87164513500376
0,510932527622799;2,284708925071
0,455204137661727;2,03793096434264
0,557317225312366;2,52764550481478
0,51449941588441;2,3074594368483
0,471018957714439;2,16770550962233
0,40456785800527;1,86028714002761
0,621720018243738;2,73034749423782
0,607742158599367;2,70191213541828
0,426916232231689;1,96321187134324
0,43330510473851;2,05240587237708
0,400109093050801;1,85887869248736
0,430490925065181;1,87041691948878
0,601537831031389;2,62851996307426
0,488623007571288;2,2578371092065
0,556860751549583;2,46942855868718
0,370821724160364;1,71897117124914
0,485640280832908;2,22896957467142
0,541347488017271;2,41932038454743
0,542186161401895;2,47035563909474
0,515126702873833;2,43559665648042
0,35762398862587;1,69482353935063
0,471039205169552;2,10494717443514
0,471669568377591;2,14745818791948
0,608683238075333;2,75043612210414
0,55826393170355;2,5020886817701
0,416481128783245;1,9878651765395
0,373868414728119;1,77860878995168
0,557024266321876;2,47652880989859
0,363761303875692;1,6728410651056
0,366659552726106;1,77063478843019
0,472984434768366;2,1378478944626
0,50945766097626;2,37957231558016
0,522212796759701;2,36884834201498
0,493179854683956;2,19055387654395
0,488704199825943;2,18167015152536
0,39931527751063;1,78697431281107
0,475221989285836;2,09221043961501
0,366722636885679;1,80270203951298
0,388274912311341;1,87921189600677
0,37393109709326;1,81863494615744
0,554728453084543;2,43120931530755
0,497507412366236;2,25033662787092
0,621932569228;2,71934583988278
0,356214937815913;1,69717764373658
0,457490064091891;2,05863393288931
0,55307436690845;2,48483909520321
0,426641749637171;1,91625718570041
0,44083709893034;2,02149946941037
0,526881888099576;2,3479570236989
0,559858120281657;2,51578621978588
0,562312570914166;2,51700145552717
0,438244116122282;1,9910340515338
0,387811715312189;1,85495598872986
0,545495636864237;2,4697511701693
0,408764306334342;1,91625862059656
0,413826128101445;1,89466945670382
0,38359689619107;1,80722619359726
0,503216298707655;2,26660484584776
0,537957687161837;2,38266977392124
0,462958461927705;2,06580981657006
0,410510640580162;1,84976378255641
0,437825151349188;2,01258489135239
0,371103480553372;1,76457740626122
0,618847958526109;2,7536004014789
0,617843548396025;2,77566862406395
0,409501142121278;1,86069116195087
0,439517770917862;1,98754363059396
0,553727494006166;2,47654614404853
0,614300064051756;2,67548339621752
0,546516820791185;2,46008411711881
0,606390526352886;2,67153862177484
0,449147448734554;2,02438781526254
0,451412791237187;1,99502476044721
0,517730496475366;2,29740302718844
0,57065772544069;2,5471317149145
0,617796535757614;2,68596364311156
0,459790271771719;2,11229478086872
0,509453008383724;2,30965745603054
0,422322305525519;1,94175232378591
0,394346073651133;1,80893932608223
0,370946414152656;1,7299473444922
0,460835773996135;2,09331652684328
0,603577994331322;2,71497120633985
0,465793477722775;2,10720588674872
0,376108486064401;1,76228875213593
0,401371502149176;1,81698417193388
0,509985311847981;2,2939693315663
0,44973228903037;1,97404899282
0,393232637299656;1,79862270126797
0,43832540367023;1,8569115768412
0,368306504585423;1,78113883438221
0,440314806128916;2,01047541274431
0,40015159257839;1,82594267037676
0,577679773204253;2,53443114582327
0,359130629117267;1,64154157279476
0,493890304219321;2,19303219903481
0,551326400444792;2,54184194173039
0,425535964671046;1,91951423893897
0,513011504943813;2,24286783128221
0,589835807551148;2,66001875320175
0,426558268678427;1,9028860361276
0,393722096118345;1,86001404802695
0,465561141404636;2,11408632284948
0,420398395943687;1,97155834780105
0,393585095744046;1,82971897771235
0,363399709699222;1,79143329193552
0,517516437769342;2,26205268694212
0,537460952495342;2,44198298351881
0,524014594455474;2,3398092021353
0,591029482519903;2,63330631106272
0,482063723248013;2,24637193991885
0,511327239804687;2,33929705170513
0,407067817460941;1,9902613279785
0,581208301881075;2,5451352440902
0,615473856792311;2,64226709432585
0,458350551315121;2,08788425495885
0,428997119581229;1,99724216095725
0,498091922145464;2,25774829501082
0,361602372664536;1,70347408641551
0,595045188163732;2,59464171353736
0,454693217935437;2,03983562685945
0,461420103371328;2,0581585403568
0,38687550783388;1,84490010705033
0,3622354136269;1,80094591902253
0,522008326556978;2,2909674439512
0,587973590962095;2,6078113424838
0,434251248399747;1,96521991674905
0,478431227347733;2,16595158700272
0,519517091945105;2,34197467756051
0,569309175688862;2,49668765174131
0,438540794048783;2,03116119126694
0,411016989302394;1,94504058848
0,579228394169385;2,59857122423281
0,543151276049223;2,46614848589511
0,372781587299435;1,77219131252665
0,547110267326513;2,47372345318084
0,504276481990892;2,29297502600923
0,511233655451465;2,28228874715149
0,443397182113442;2,01180912739462
0,475668208260765;2,1960211421452
0,484575128785775;2,1892713725278
0,622440018177895;2,77710569673284
0,403811957091692;1,80354882367663
0,417022338904241;1,89399187452062
0,400451708748361;1,89885163996372
0,441090195097162;2,013029988715
0,562223208732635;2,46372207246041
0,619531789980791;2,74053190661378
0,399430979449828;1,85571439287553
0,579550587323216;2,55789362653183
0,583068109048394;2,58194860171788
0,452208353757011;2,0545474765409
0,521404240346238;2,29200759054573
0,44789411523358;2,03908464163276
0,592507341170892;2,61177316563859
0,483921454327998;2,23843460980407
0,508825596898225;2,27388800753381
0,609425732541917;2,70598416995784
0,438619848416354;2,01039970753203
0,391869577286864;1,87894557574068
0,403987250576023;1,91930814965912
0,471392611743777;2,11466269678005
0,570986533601277;2,53282277748888
0,52316778540601;2,34387497516069
0,415270960646125;1,91240993609648
0,464221688063597;2,10501823682436
0,601024818374932;2,66747176223307
0,607331845855236;2,69019252936564
0,600349117910082;2,64849074434533
0,56835132068692;2,57481073526695
0,389926694413459;1,78083301437923
0,608785255500686;2,7316521783645
0,36419786985784;1,78159932053806
0,360240513808325;1,69330043746069
0,406434160870606;1,83171153485749
0,405171074344511;1,84437737979815
0,557962137718413;2,54210636933297
0,610357517719814;2,70580450325062
0,513929190877111;2,29094925453851
0,618123374587532;2,72178822749426
0,458648624507053;2,09309207429183
0,479982179540305;2,156835579618
0,393661030921363;1,81804945073384
0,56296846299031;2,54653813548854
0,423674927464568;1,93308697744172
0,589804051765907;2,63080443255931
0,545651816294456;2,497801943809
0,451550816654791;2,05903954227524
0,498906001855498;2,27948253014911
0,598715075858321;2,67664279856103
0,591620732954705;2,68483114772923
0,478960651135789;2,13020374724587
0,488392655185209;2,1989778680862
0,5933220528394;2,65709904678531
0,576828628245944;2,48118453771759
0,404477760182576;1,86812136676109
0,465316382888571;2,05575784844486
0,506468650452165;2,31991047242839
0,497638896040206;2,23763269179964
0,48804474693149;2,23048596059395
0,413748973900056;1,89110069553609
0,380365806378182;1,75366479084504
0,442996731072334;1,98302583989459
0,398521856015909;1,83801288837211
0,360518637080518;1,71112666423663
0,362541796995917;1,68501363115803
0,383811600112095;1,78651351247264
0,428861125486167;1,93660134438676
0,397108098242444;1,84490810457258
0,431200931563586;2,00577684148281
0,399708922382027;1,87368570972062
0,433731470239734;1,95161544772819
0,550494625961524;2,44985316849525
0,413740946849077;1,95056033506008
0,350296336554381;1,66979506136133
0,404623446015339;1,8926932263304
0,54629562424612;2,48226805286377
0,375931527124854;1,74948214391515
0,389147152117803;1,83706100083933
0,510582536941668;2,32328803183708
0,350152237150004;1,7001935458906
0,385938179570685;1,84490532574372
0,484716420047961;2,1483753174514
0,477676697748181;2,15198446373741
0,397857155970502;1,82130989601187
0,370477151428045;1,73848965500412
0,568401590140107;2,56285423517777
0,367477076827563;1,76859563541707
0,439991977942634;1,94732026045345
0,477505303027525;2,13849993496238
0,583575665459409;2,56744747782903
0,505978278918421;2,30969088994703
0,355861730473833;1,70538058862631
0,43141716664545;1,94188490240661
0,568757336843497;2,55812100423714
0,592928094998702;2,65054052338024
0,363404893193232;1,70015821981324
0,556478140078842;2,48978316939651
0,565865316255086;2,50289074614972
0,38786826201889;1,81985421223557
0,509504076494605;2,3719688414106
0,37770208277382;1,82340831018832
0,369381366686039;1,80476124357861
0,465217576104294;2,12078398476199
0,4441011042504;2,03749767808379
0,587406784473579;2,61491913488361
0,357363267394626;1,6621116458138
0,42575406271116;1,90195832674838
0,493894273876594;2,26954487325299
0,530490168808705;2,33386010665506
0,499500527292773;2,20882160404521
0,421903917443351;1,93152656401665
0,387978828430929;1,83438749612754
0,461124290705361;2,03511302579541
0,364699074855642;1,7573509435459
0,528428645786252;2,38309112983283
0,421481814908056;1,95316530477884
0,535129300526626;2,36443591146826
0,568908870917834;2,52681835700596
0,460977857960186;2,06824167972021
0,52779500815211;2,38822953854686
0,480298284105971;2,16460625650644
0,587668306603959;2,59143557944633
0,565642612180382;2,4636792831602
0,562333491762404;2,52625465812935
0,420431690830875;1,94943709019408
0,513150200488441;2,27947189455494
0,450452297866253;2,07873054151583
0,472331842478637;2,20045752668261
0,392744590781356;1,79637160211989
0,614985368709998;2,71098456113462
0,366774886812702;1,70877281756173
0,557860589843074;2,50454619130698
0,543133615858232;2,40452307459748
0,403296160820821;1,94210271240587
0,525661702319133;2,42272185612673
0,607120159298972;2,75872454599056
0,417651884946682;1,91430478784006
0,405270565024668;1,88184318484489
0,571028345390515;2,5467204497041
0,493694423157111;2,22889971559418
0,579852065841445;2,56530624973798
0,526592188229344;2,33700360891456
0,354475661293602;1,65872320521962
0,398863387560144;1,90044016471027
0,62143855861761;2,74174100115079
0,563244008412436;2,47476303493344
0,527578433267686;2,35916071875707
0,547148267320013;2,52817691990046
0,571202098492076;2,58221394325148
0,549283379883075;2,42741095118438
0,614142371712437;2,74286029892019
0,524839465298337;2,36700258192108
0,493859947029652;2,20208005844106
0,549631986505983;2,4971819511023
0,408617629336063;1,80736018150228
0,545095205868021;2,37774096846214
0,451133753264661;2,03349501920271
0,396167876918439;1,87061351911273
0,502807283822304;2,26880598759084
0,564440105803287;2,58059469958841
0,437098742172622;1,96409500255736
0,488316303676109;2,22513273652489
0,520894770512515;2,31344890135152
0,436991999339899;2,04277654666539
0,389523483453177;1,79327951265087
0,523510041256117;2,34396713909882
0,597182261155737;2,6425997611075
0,603622586148668;2,67853260045192
0,465046492944033;2,11704464876299
0,526332028062975;2,35287738179538
0,414904473978817;1,9865800494878
0,431343524206817;1,93341483418994
0,4947984039548;2,21916996946819
0,377493581626403;1,7831010977351
0,48111326359474;2,21676135366317
0,413746930153523;1,99282202348139
0,408626355524726;1,84047726987357
0,615750307500716;2,69156292783275
0,432091617282413;1,99439794838988
0,576973904983578;2,57130985008216
0,512485816550353;2,27398656215012
0,526015186639364;2,41519300754844
0,616485678345404;2,77984617304003
0,459304093078799;2,08257603488097
0,521685843168469;2,32148437789291
0,608955339041994;2,74008777072318
0,40519056515295;1,93084713517919
0,476219213994275;2,14835206551889
0,452635767228287;2,01799614417445
0,438105405463933;1,99017463975866
0,354397237795805;1,63689027839158
0,615228727029461;2,6934122741823
0,522540712890536;2,3054348945184
0,452122976602638;2,07759521620214
0,381900401041632;1,84777426502155
0,362795305459927;1,72161098317405
0,473635728686986;2,11650902661583
0,402422558473976;1,83812927867059
0,500004064030343;2,25303827687501
0,573069542763562;2,60141875202614
0,487185701915884;2,17434760762696
0,616147426094402;2,68022690011299
0,497266352357041;2,2872331838624
0,468688878533337;2,17611038630863
0,423189403208581;1,9279117033152
0,379589859739244;1,81199819079285
0,599698404460819;2,63866025181441
0,562400264566504;2,53309142768819
0,488170704875325;2,19052659690375
0,535394677936712;2,42398774790513
0,555063937475264;2,51161654141968
0,464472870551545;2,11190003224095
0,508957302410882;2,26135021054209
0,551220154507671;2,41119782443715
0,554165555029921;2,45578708413333
0,436354493233565;1,96819800657427
0,449838267339353;2,0500812224675
0,607029116292338;2,69660009354603
0,409715722314721;1,90741216152193
0,57622258211859;2,57290509809373
0,525444817027055;2,35460120181967
0,550866835029466;2,38192708989338
0,504138187151998;2,22126999442725
0,474420964244533;2,1616593590186
0,621150699419294;2,74024968601349
0,440968677001026;1,99576596572442
0,602799504552643;2,71235368799902
0,498240870492669;2,26259188044253
0,591633928065767;2,61516371796383
0,467031657604979;2,0883527031578
0,387973904495867;1,77418867206682
0,519919940432245;2,32793566907214
0,436383338282629;2,00299771981902
0,565112581281833;2,56453478619738
0,399242939398938;1,78167496629431
0,606066217662347;2,7032966669382
0,49625562987887;2,24752727546574
0,617413511541396;2,74040993184772
0,405165590881561;1,865632696469
0,380524087896458;1,77313095678112
0,412054824195202;1,85168021478616
0,563798066349116;2,47218816525628
0,572192840630942;2,44577308888056
0,562663986832006;2,54751294215907
0,62137780158684;2,78216198883018
0,461818497217254;2,09619369575546
0,563839428056862;2,5361493883115
0,451169924177702;2,01082200534717
0,377430087539165;1,83046237285203
0,620061755365201;2,75070585547978
0,425971348965135;1,85991323630145
0,395988794501076;1,8123777218569
0,461050344711483;2,08629251714982
0,455524279896412;2,11031632026167
0,617669835256168;2,73188613692202
0,448771891913346;2,04358244599827
0,557158857210399;2,41414473508165
0,427485091944834;1,96788635150318
0,571309239917173;2,5322810786425
0,618337948440898;2,73312541520999
0,432688203821383;1,99905092945883
0,501862644616729;2,18361373452631
0,576840011247462;2,51197887438738
0,478725107122469;2,1828964791346
0,482924136887914;2,23352813254497
0,422345972075785;1,86643146116219
0,580545109941678;2,528142826196
0,56960598195391;2,58237857456147
0,624052723946213;2,77627445778104
0,358770578205421;1,70974347033848
0,586149731652347;2,62894539241871
0,356379565431984;1,63313495051517
0,513342796109463;2,32677842354156
0,502751562990805;2,29898575240066
0,587050683110072;2,63370103628982
0,590343748465474;2,59604316636831
0,468003619536463;2,15673061995108
0,564567942971834;2,50346652297315
0,583998663546721;2,59436259810676
0,550197570768367;2,47323167518819
0,433609440262358;1,95082105407888
0,434351251665598;2,05334359454818
0,485807185753736;2,25516053933111
0,397344751321112;1,9146464022917
0,500873444717828;2,25458735211003
0,549487126548421;2,46990417130163
0,481406420088264;2,12648193276346
0,440065211286138;1,95968750959784
0,51602848833999;2,31257038028495
0,364803721492096;1,78534303088529
0,50795178001339;2,29127268501029
0,514732466902242;2,37358721313259
0,620949618468529;2,72857875841057
0,498404384368385;2,2504135352528
0,609150242963709;2,73089021143894
0,371148889344193;1,78433248748186
0,476906142865207;2,11653190663326
0,53842387033769;2,4535625284671
0,54644131686725;2,4078485600253
0,448346848542512;2,06050568405413
0,454154946536619;2,09245975260353
0,370893086796634;1,77133355428479
0,463594519998666;2,04787329975237
0,396559650698355;1,84784359897016
0,495748143144672;2,12070430903214
0,580382715057694;2,6276380457716
0,546063094715708;2,4885870635909
0,400056274822248;1,84426668147058
0,489313786278425;2,17520714862439
0,531015487108122;2,3940924273262
0,611532627403424;2,70735114889584
0,557167669278299;2,44124362114099
0,60170932226212;2,68060783936581
0,548248523417984;2,51063772535128
0,591344662202687;2,67505658187628
0,374585784106309;1,70670031051379
0,416076849103566;1,8815747275251
0,37020346044669;1,73505467756169
0,531823966864279;2,38957566356884
0,508320068095364;2,22851895581841
0,476579233589979;2,16957650469129
0,605631048482619;2,72460792449321
0,431623405601831;2,04512240264015
0,530127712189514;2,38802256088151
0,502800378388746;2,26535035568207
0,403786242952422;1,88388729582886
0,360516041747206;1,77199794555078
0,400840633079518;1,83596814736371
0,580399972877881;2,63076549776156
0,424903810166849;1,94754751310922
0,621041238870543;2,65243043312402
0,492292315629055;2,22330405671883
0,544630622441123;2,48416208836139
0,524869283133094;2,35150375309656
0,418006728413112;1,91350912277946
0,445952784398441;2,02540999533658
0,607916532772399;2,70206641720609
0,480847706036783;2,19135460217721
0,465165607894472;2,1009666615792
0,370415049083972;1,73443794117216
0,423767770669085;1,98170009451369
0,406346343682811;1,91404928121072
0,402279231342323;1,86915479565534
0,509054633493991;2,29960977379565
0,486638004422226;2,19621594716707
0,603424420224841;2,63688146970881
0,372604350997489;1,76285017772529
0,543756873503991;2,44773782921894
0,359656200891718;1,68940266894138
0,591565198034783;2,57572185543554
0,367274854406608;1,78179946252789
0,431449411897515;2,02734908759898
0,47099169787698;2,13472090019916
0,508802239730954;2,23735528453543
0,393420032263628;1,80171454841566
0,358248686622059;1,67376635161724
0,558891287409171;2,5182656126092
0,370028518420416;1,72047747569936
0,588626594780518;2,56045760986577
0,561190526145777;2,54077997217803
0,530387346705786;2,4021845171732
0,545241608001507;2,49535154392979
0,612949273050361;2,82833631540377
0,357253098550301;1,74179639054017
0,412843229727669;1,85269614708018
0,546174345087669;2,42525868207051
0,448417334903163;1,99741512438439
0,600617060746244;2,77945755827939
0,403916072378385;1,96048382651546
0,617790901157453;2,75863169081656
0,573872203096681;2,6086082996426
0,553673749870072;2,42911016474601
0,380172761187998;1,80206848271022
0,354378156786948;1,64302101503285
0,485547123506349;2,19902347992316
0,456389666270764;2,05931724252375
0,355381735534288;1,66490520229907
0,394331455480763;1,80009841120708
0,611872369892943;2,71385449723361
0,42585210836588;1,90281346675114
0,508886903530498;2,25649221178568
0,459576824274822;2,09913402431475
0,484144147771864;2,19988158646174
0,456882259777676;2,13351137262962
0,573648323033584;2,49384967948745
0,620858908860336;2,80492880339512
0,44590477873732;2,07191152134848
0,370596381844751;1,65685645871522
0,525069573943642;2,35732783536027
0,486133397620393;2,14651659767045
0,44900250910975;2,01126704450208
0,353869787885341;1,71660955916713
0,429409939089705;1,98519028945849
0,525429319635172;2,38936411509761
0,384151818811912;1,86984552062504
0,603014663102084;2,69105254950638
0,610553087477793;2,78126292087867
0,350278736946357;1,68886574335747
0,367324408455648;1,75680906122051
0,477017982864415;2,18171729286071
0,383249026298024;1,76725912372056
0,418883775407546;2,01037522364336
0,4417775877544;2,1013090664129
0,549778773975316;2,51430978686138
0,558108830278701;2,4891215205528
0,601652447664521;2,69837879227106
0,50618698019456;2,25414145761972
0,441271325551817;2,03422160145892
0,476739104930825;2,22843767846509
0,386905443632511;1,75986584382151
0,567724416343614;2,52937830589235
0,438381957293379;1,99820350199843
0,394425995904927;1,79805572695929
0,381777560815105;1,82261654387592
0,512975005435421;2,26128554901677
0,411083207765944;1,91020116036552
0,38866715781867;1,79280899102445
0,49753544076203;2,22964594005966
0,462801015890808;2,03992631214511
0,604566145939966;2,75212138931032
0,617562670520078;2,71448568435939
0,614546003551427;2,71945510239744
0,522924778416523;2,32822793073304
0,381342692116646;1,80857857064747
0,584999121438735;2,61304111141341
0,587107753737757;2,6214195855837
0,544888957689709;2,43569861094545
0,560866445634002;2,5129160166395
0,511713532939466;2,26142963423638
0,598346331739025;2,64782433034852
0,394788061616688;1,78940145332481
0,593411277588536;2,6364922076494
0,598540425987961;2,64014118335015
0,485988594339284;2,22714746506955
0,588860301259941;2,65698806901486
0,454427454036762;2,09025622589095
0,513880556651699;2,31974618143462
0,494925773814775;2,32240508409076
0,474522818877178;2,13469899280634
0,561586152771834;2,54556074430261
0,595238126917456;2,5479402914929
0,586469087909493;2,67086295913975
0,616539711435352;2,76563033689927
0,618444924703763;2,71340411611307
0,446133873354405;2,03772076583685
0,532172896510956;2,40349655784445
0,580554003149767;2,58348942212145
0,601862116603058;2,67428229709473
0,535972120578376;2,43740068045144
0,471595224623875;2,15075088227724
0,497344982323639;2,27653536891427
0,492384849066331;2,19953650245028
0,527512839077667;2,31211322876736
0,616591340995356;2,69969144177265
0,486720057070284;2,15177971972137
0,361282518679252;1,77124506129929
0,577396132271114;2,5527795754741
0,520949114586487;2,3827513485283
0,481837041446845;2,15948256040976
0,541181323028366;2,48547868367882
0,584520248308735;2,54934623138255
0,517416440907611;2,31359114387394
0,499098418801597;2,25214997126556
0,41219557469357;1,88462408387464
0,508878080895801;2,27302116288411
0,537692244942065;2,38279160428154
0,396061032388305;1,84516803827451
0,404849513341278;1,87358891989414
0,418789647728858;1,9421681130198
0,360032751888377;1,68205064823596
0,4026345870102;1,91376398128734
0,377117950389331;1,75022219846265
0,527106108157356;2,40487390101832
0,505766881572176;2,29378523444763
0,395620491625588;1,86903109601955
0,491623860080118;2,20672152559445
0,442792946174397;1,99794181624886
0,493863408456033;2,21326154391465
0,372773871168439;1,75518354645261
0,622264414734199;2,81017966163957
0,486394259165886;2,13939285749646
0,458873083694641;2,07625790389841
0,51097078032284;2,33106490350901
0,586793998587229;2,64216994817169
0,485910532802299;2,19098279264248
0,466033399399798;2,09163172074569
0,466933517553544;2,07392829939469
0,421340504369471;1,9638851313613
0,619102949799859;2,74745854099213
0,501584868832039;2,28935690678318
0,392521027337908;1,88536685823714
0,594517969185804;2,60797042433552
0,367698802929238;1,70329076776198
0,37724109666871;1,77729430289508
0,352521672012583;1,66611796475079
0,620027231719679;2,71781739159039
0,48463117629139;2,10465005736436
0,606902706794065;2,66353266583337
0,543461866348126;2,46254168044573
0,399977375946689;1,86761755624471
0,451815083526582;2,05780454056086
0,503148909250925;2,30934109032523
0,464504807317193;2,13017665375611
0,429310213250294;2,04926609726506
0,455591954080278;2,04020135485783
0,485314319687514;2,1817215035059
0,495909946095925;2,27400156751248
0,579721867858428;2,57237781857016
0,374989165224036;1,73845662828611
0,462505748407501;2,16856188305066
0,466350567945814;2,10652473007967
0,506429058202529;2,27699755598517
0,552178641532128;2,4729933829054
0,555615816474456;2,44842000375163
0,454095368568219;2,07413889843317
0,385299436380662;1,75948391845836
0,446868610831713;2,04245213843681
0,369734425324472;1,68850102718101
0,5503036152319;2,50150797899147
0,446706775795823;2,06240162801328
0,466639607231159;2,13846924759427
0,471706528854477;2,16076604136924
0,572727114514568;2,56041303574963
0,379454735131434;1,78824399497227
0,612742090639152;2,76366327093007
0,593222347044883;2,59942999190299
0,373471603980439;1,75068123789749
0,602213586187416;2,6365390740321
0,594322970739291;2,64203236976591
0,3868225193198;1,84394728709278
0,437967253436895;1,98374083231733
0,470102454045571;2,13294925579048
0,499632260471224;2,26709229915804
0,462796082605731;2,08926088648592
0,53093765106017;2,34410208279621
0,578091961202543;2,52312801612653
0,396890909010873;1,90537781357975
0,576496748029419;2,51650517614008
0,489208354112719;2,283356531616
0,526962812726093;2,29489815726812
0,465654812341549;2,08304526443777
0,614231427328787;2,68981954696824
0,486198949094937;2,28878669811355
0,501902003308141;2,23974810264858
0,41339972654503;1,95110286524698
0,594467723107652;2,62611296875859
0,470943151772247;2,13764181495235
0,579576961535043;2,4849944770026
0,534700120607175;2,38881426745091
0,609075329371474;2,63414816670957
0,423930309773831;1,943597832736
0,591498114438782;2,60550541308178
0,409344156604586;1,953753106132
0,590998382260294;2,6470917659602
0,423831437347333;1,94608450585467
0,560280212442279;2,46908037811752
0,440414460818564;2,04016337446428
0,591668620780034;2,65928211429255
0,370949549161085;1,73080895466859
0,560238350316665;2,46912923237455
0,377529022661989;1,74712177335667
0,54967325144749;2,4159700904243
0,577870046755726;2,53393903561642
0,425802269845868;2,00293389325144
0,424065726729678;1,96338489593716
0,378351911750193;1,69917355309516
0,543104608977079;2,45365013381524
0,411185551993495;1,96021861649246
0,574674380303054;2,56659369784203
0,364248919396776;1,71290148627759
0,512607269004268;2,28181207684012
0,47001076223763;2,11140563247809
0,564387510117874;2,51057794701758
0,543731326320106;2,38939821472592
0,416357299632645;1,90848971245964
0,410282328546433;1,90346309106562
0,387951591456175;1,80946356514843
0,357281119645399;1,68395543922359
0,616892159184864;2,67508258354221
0,477742666451086;2,19785555285027
0,572851869444627;2,57728188100709
0,566799290873225;2,47496602314186
0,559715019087327;2,43395186858469
0,602370040866675;2,65446287942052
0,577487736918994;2,58481345880212
0,356134224077037;1,7222968469124
0,595817954132871;2,66528829493
0,381274123085216;1,75704705514782
0,446802362781133;2,03038832988381
0,589240746473351;2,64797574554449
0,415811965002774;1,88727575043361
0,57026320403751;2,53897135396988
0,422312496464356;1,99693533111103
0,560732749529002;2,5285597880063
0,489024433127201;2,26363219044751
0,584709452820604;2,59442299659202
0,466807110873083;2,1523750483708
0,520812171208849;2,33731392814211
0,371385475499816;1,75132543802424
0,590983462391872;2,64891352739084
0,618223374779405;2,76259334400928
0,554740773072728;2,46174507016759
0,474860230203299;2,19625876402836
0,468710332716614;2,11874953191545
0,466757357271691;2,07803285515119
0,379886778524664;1,77360072122438
0,350176773187522;1,65561391040684
0,575151862906671;2,59695331979717
0,418652416870313;1,98632423262325
0,48027943409369;2,15012376023782
0,574247042848672;2,57232287716521
0,53905998425257;2,42757529400091
0,393614781910114;1,84599135367877
0,523533001432045;2,35019090765701
0,384882699344443;1,78999333869154
0,469347749101238;2,11857849885115
0,561055577651243;2,45730931172746
0,501145640017164;2,23535001583438
0,57882537815049;2,61295923158393
0,612902779850051;2,65952093323159
0,513633617533075;2,27263779328478
0,543662478773537;2,28294834180086
0,510437067888337;2,26524050853083
0,600103614787087;2,62471587761237
0,563995443861838;2,51477783921205
0,584502258881981;2,61807592323605
0,456438070140012;2,01501851003921
0,428529137296194;1,96093203862413
0,357973502712457;1,67550640866992
0,549619913268507;2,46252660613194
0,556036000399706;2,56696566640628
0,553784670237776;2,39624375016024
0,381639383107549;1,83698831276244
0,593658235471228;2,64681369207833
0,431994300928777;2,00429641994093
0,616014428742838;2,81556103965623
0,362751414893624;1,70570859117064
0,551495222566758;2,4060697731301
0,496669137189739;2,3027685542657
0,408906754820852;1,9167280824199
0,443136950349022;2,04450341367317
0,506587323582426;2,28345239008897
0,462097692795151;2,12259623708606
0,617453899630914;2,80310922843182
0,357604841014174;1,75752235597485
0,413013837894415;1,92044022981555
0,36874498021185;1,72633623523626
0,460690405743639;2,01262433420266
0,489072183328011;2,16441398324158
0,619464852590829;2,69741672522742
0,458746963662552;2,05777773859135
0,564331582881615;2,46072321108946
0,49151422444275;2,16608010984415
0,483052642006085;2,17053438778858
0,540553730178214;2,43903872656124
0,462116058848151;2,12953526307523
0,455850903099639;2,09564858721487
0,367719905846581;1,77747858959289
0,509060162170022;2,25302154473123
0,417125257901483;1,87423028231891
0,378073208969261;1,79413515760087
0,435760640228797;1,93615535749689
0,515240399747378;2,28485801728342
0,553092416597965;2,47658089128461
0,609489525061106;2,68444939805451
0,461093529864065;2,09884169580037
0,45955282240488;2,02662413170952
0,37984782566228;1,87649220634946
0,620178596917395;2,65762522013601
0,600516870095869;2,68308581375503
0,593819889014383;2,63203038605028
0,4979141708883;2,31264567642928
0,477997401047741;2,14830023190059
0,414293525562323;1,93904829958925
0,62035829124834;2,75152369123836
0,461572635911877;2,01761688512429
0,428348277479612;1,92634714975083
0,375556298963038;1,8000293837242
0,478050143451524;2,11052637790959
0,448352651891212;2,01929249424631
0,520907272697889;2,28454201308392
0,507641370118522;2,35185645646385
0,432411204472094;1,91747963579714
0,478721885146102;2,14711320000785
0,481178379973432;2,16193269029612
0,549073182284505;2,47290268843231
0,482944094428555;2,18441284748292
0,462466315492348;2,11928022914166
0,612136800454019;2,70664391324896
0,513184039597671;2,27078344263049
0,418934313065241;1,91491140863844
0,572668685829384;2,57077596681849
0,357895407105558;1,65390441157303
0,490046868611148;2,19764567409539
0,372346543960647;1,81567925487424
0,411246209824461;1,84734864766131
0,61301920603108;2,76038091306688
0,393764300736249;1,83292157855837
0,354832937044472;1,72086206830324
0,491939582063708;2,16036066047132
0,510833808062625;2,27288949364013
0,352593932378269;1,71250833068403
0,617981571123899;2,75504684222041
0,537752760345421;2,42050993264032
0,483773565734424;2,10986154854573
0,593949772106863;2,64785856205538
0,480197444654288;2,19322702585707
0,487498718671479;2,22929882603867
0,363902770866907;1,69522158662728
0,545311893785148;2,42773586063274
0,540105818082274;2,37905772362568
0,575974012255076;2,56079453598834
0,409872060503053;1,85867407806036
0,517518733133715;2,32149352746946
0,35112823047447;1,72409717558618
0,373288532949609;1,73858724545557
0,367438890346114;1,80005248170758
0,563898757097153;2,54666208028508
0,417813970575753;1,94653482279233
0,602739775254908;2,65347794515476
0,376536953717725;1,83873473040642
0,584816590211106;2,57274683165433
0,529528034638413;2,35755939973414
0,533708401071649;2,37551004345964
0,481361697370724;2,19806982388009
0,503765695918568;2,2501073248551
0,591485799701974;2,57816944659837
0,369085541980328;1,71593550930388
0,481523485336339;2,13875939118984
0,413901288764596;1,91614941840427
0,38204628284044;1,87091036031244
0,382528617588944;1,83845691264611
0,440460659237271;1,98884435671792
0,361765673283085;1,6999342207797
0,41298445297811;1,85384450292978
0,356495981878751;1,7333079238496
0,504162310379998;2,32590763435402
0,416681847581074;1,90382879668417
0,547321418242254;2,45485746562115
0,488479948259896;2,18310189649558
0,457372929551247;2,09341875286674
0,615943379588199;2,77111883841619
0,54650738208023;2,48745077945867
0,412886444467281;1,90016585842871
0,432069193131255;1,98700596445071
0,520179375396165;2,35147746889622
0,563117146399106;2,44719522499388
0,589079966323961;2,65604118350373
0,567724920155665;2,53630323136809
0,472375232178783;2,13027505598795
0,518045268664051;2,33816087230401
0,50488509079055;2,25283771782313
0,48051804427116;2,12122361421011
0,351305092327572;1,64865937416758
0,619199316294547;2,66128266869363
0,533542229870749;2,36379671563034
0,538979450533483;2,38411259071406
0,483297218260921;2,12233425416816
0,387079473263935;1,81777442335718
0,561492261981512;2,54604774869435
0,604741463119538;2,62136191687413
0,584307606578106;2,57022748670888
0,548482619588056;2,43108892538416
0,588852014329808;2,59382107550948
0,477871280631405;2,10302502868375
0,421272631081542;1,94021638316865
0,548264515207864;2,40005695338593
0,623014581143358;2,68138929593857
0,467903144351075;2,15554356881
0,504628081194621;2,2645692529591
0,425362760786741;1,87276794140088
0,537969264720494;2,44414311729898
0,610833785846281;2,708542723981
0,612766852357828;2,73751193517036
0,564358305989851;2,48476836915943
0,388027054777995;1,82678211364442
0,38905970873844;1,79549072657286
0,375409343577702;1,75396086597623
0,546906537375918;2,47256002892794
0,366376978591129;1,6853483089012
0,622406534817482;2,73649148135349
0,482329727749443;2,19144935609785
0,379053110023168;1,85217944541734
0,409246843517051;1,90017008909365
0,429138828071776;2,0068815857897
0,382711677220441;1,75036761371321
0,567077910016361;2,58320364429518
0,506018527846431;2,34541486229623
0,586227117874972;2,59076471043912
0,350999607392425;1,66280584059302
0,581915256240351;2,60042999217591
0,405469081702098;1,88781388830809
0,404100282894128;1,89562484751215
0,512695546263981;2,24578709234396
0,395374078157061;1,83626589327835
0,530797371264557;2,32846516638305
0,432514209028367;1,9492702476457
0,46100839344053;2,05407999958227
0,562114021895934;2,52996569593261
0,490947965762583;2,19034074422763
0,591662707728774;2,52569307093591
0,562685074315422;2,4684192275706
0,522992394515028;2,35387360482574
0,613280868667833;2,71834280218143
0,351859307805581;1,75187434298087
0,50507997345059;2,28439380786665
0,486766251582479;2,20710722053175
0,450567226251903;2,1134676951023
0,416327844142947;1,91120855432621
0,595116909943001;2,65633411179338
0,473389241250883;2,12828920104295
0,529504562261038;2,3205490285111
0,467263058025151;2,10681363538278
0,613295834517831;2,81255425225389
0,606091337179157;2,70940973870014
0,531155886404598;2,3526571437517
0,587286642558599;2,63842210795593
0,577804198130054;2,52412538863453
0,555432242271988;2,44097408468307
0,487666664069539;2,20240796051981
0,362320104451826;1,72250781212715
0,427363447687552;1,98936508142513
0,492850145784016;2,21159767910241
0,462603460343574;2,15674393158955
0,367355621491795;1,77651297878024
0,587687923893751;2,6128727818977
0,612929077724778;2,69278622601187
0,52236373031979;2,29983748402588
0,37734312632593;1,81623046537101
0,603431948779188;2,67668563777084
0,389340371371944;1,79901281505773
0,498716751041848;2,2480620914576
0,494072352768492;2,23236522506782
0,556897637994853;2,47345607091076
0,499220739590022;2,27532079509708
0,439904211539503;2,00927551494076
0,452066947925133;2,00533286855912
0,489474568797339;2,18820551736868
0,367072869770595;1,73577277727715
0,500042503410457;2,29567416719083
0,496042795960626;2,24218141016031
0,514769087000197;2,26527835825368
0,524337550147767;2,34712420048327
0,409479085886763;1,91176904626392
0,378697193866787;1,72241846129779
0,487378718223491;2,2189752523484
0,502417610337293;2,24644312057706
0,608294378361737;2,62378873829225
0,594047143856129;2,61411342753382
0,600282739407595;2,66918956045258
0,580079285908825;2,61153528600012
0,586513781232127;2,63778634346121
0,61968478547511;2,67846207071989
0,565048895006981;2,59784954618745
0,527220868562962;2,35530188662398
0,556834887489885;2,48141192563338
0,557663465997509;2,52619269645765
0,378757692363268;1,77620184854599
0,444256404779312;1,99705689793623
0,469553701665413;2,14898520529207
0,517717945618687;2,31073991646719
0,509393827726874;2,28102452506033
0,422224954717723;1,98643597601133
0,569324719830815;2,55869346402668
0,414397535565297;1,94058060214416
0,60721382299923;2,67466118213771
0,450202485475548;2,07349432053201
0,552065117377676;2,45506461580279
0,404233346464283;1,84804898725115
0,526206932241656;2,29950536378556
0,545702715336592;2,48120029071467
0,494021298298385;2,27235194757939
0,37373867739339;1,77290587292017
0,562335183346426;2,41942837978207
0,546209743279698;2,49823822647322
0,359860341218265;1,75055204936614
0,503413178492241;2,22851627324767
0,59776234850647;2,66389526362977
0,575234292629262;2,53795076719711
0,53935908536966;2,34344286522442
0,581503412463463;2,561577092822
0,391284742562632;1,82197020461081
0,612642024484852;2,72212007209454
0,541546069184181;2,45861617785357
0,559404289114585;2,44976067194702
0,569865047720363;2,52442072066801
0,567669243704711;2,57031964065467
0,414801984569885;1,92229256883433
0,425544318075935;1,98085675830014
0,489075142607412;2,31131524916734
0,390333407210112;1,80185062607078
0,412888614054755;1,88655374345285
0,577037304738142;2,64068423773324
0,515366782092186;2,32340693677434
0,388419173611849;1,84370267508527
0,582901668170037;2,54474991292102
0,607105301358382;2,67819182383048
0,427421359752448;2,01461892541395
0,414914535490356;1,84664046690789
0,43000911628698;2,03660883480987
0,57257122275738;2,60714979965144
0,5429631213646;2,36922519628215
0,399752775932521;1,81688973795517
0,412435000819856;1,8998807767537
0,536515777457121;2,4136909131751
0,43711710976261;1,96348122136945
0,615556977967643;2,73737251612646
0,608818184840755;2,66789345877805
0,556913640287487;2,48088152276388
0,433894681136575;1,94468433183302
0,453346975587725;2,03907796490772
0,588436729619721;2,56899275653705
0,554411270961794;2,46867310923666
0,614070122425877;2,6824829308829
0,550559164880795;2,413664942869
0,477760684248088;2,20837393811021
0,578270749286591;2,48373218711684
0,567095496688064;2,59439537268952
0,62312379334037;2,74003930876761
0,515417990581358;2,20681626787148
0,584111695224413;2,59253665112357
0,357877592831461;1,65543991042445
0,48463917112965;2,16742326213499
0,593289181456609;2,69484388982466
0,503475065785993;2,22502026664837
0,565170138366406;2,46145432497363
0,402199455422651;1,86737578524045
0,381087457358287;1,77943260114512
0,606839181646849;2,65340887042531
0,356729718713699;1,68015536226359
0,500823453971905;2,20419127359256
0,552601577115237;2,44159264458085
0,539683143979348;2,43483499106728
0,4915458634809;2,18459790539844
0,450984221374123;2,04647340621467
0,620363505610204;2,77339222637183
0,371066356451242;1,73647220919836
0,608461576271014;2,77059308380942
0,403400572426104;1,84160268900615
0,572006720150715;2,52266883489823
0,60449390389006;2,72532703355432
0,584895528407957;2,63322999379857
0,432456153767368;1,97134519776458
0,487903732711496;2,22378988379815
0,356986212393792;1,70874349447403
0,55308445858339;2,43688772372364
0,494510640434023;2,19233274593488
0,521612864004453;2,38809400616633
0,407917814673022;1,85783875083348
0,537872035783084;2,41456316772532
0,366359056919954;1,71550398284607
0,4995327070307;2,2761878174
0,378880196245459;1,78683453564429
0,372435227945965;1,75277583528688
0,605241897509686;2,67401099000435
0,355732859872585;1,71308591993728
0,473133842547075;2,12346397473751
0,622620790450169;2,78194667592198
0,534267253131897;2,36693469295388
0,480043534907924;2,18987170085226
0,457504973521599;2,15581257986585
0,356824620394222;1,7239750509041
0,380045404200302;1,78942406532915
0,553810812236244;2,43991423369499
0,476699737657894;2,17470165935841
0,502641390047843;2,34053376884309
0,441595277789086;2,02418997465476
0,46266802641631;2,1682557870612
0,395550686471087;1,86351440282559
0,616811569749941;2,77449259023076
0,520128543853444;2,32250411277959
0,473292330085864;2,16203398063474
0,589516827151753;2,69550584326607
0,602599403111897;2,62129118170837
0,507379533033564;2,31090780580946
0,365243203589883;1,70819278745379
0,496366024148188;2,22897519488929
0,394733104284269;1,79057634779274
0,469430413598836;2,15287606889503
0,426010345503611;1,9066759692932
0,458469867482982;2,12252134392829
0,413542651177797;1,95215610387746
0,408918730907841;1,90890523585922
0,356443897946496;1,72081848095311
0,499660755727301;2,21984549133672
0,60992705646421;2,68925969007732
0,36373293362802;1,77615748010921
0,589041915417713;2,58655074435432
0,485372003701728;2,19137478885946
0,508576342178213;2,24661193400763
0,368247497288077;1,73950167977018
0,476139226162302;2,1631380147944
0,450749327314851;2,04237991338608
0,496047341348208;2,22799031967129
0,556324116018952;2,37952398325638
0,375438297560832;1,74104246054933
0,571103876916204;2,62989091579359
0,606371012041329;2,67318941036207
0,502265477541859;2,28855708502369
0,569194980126562;2,57266690489142
0,584117942634732;2,58779136676853
0,496410543022617;2,23302842365226
0,582793308745527;2,57360981897772
0,589519730202988;2,6070850314566
0,422702979494064;1,93011237378805
0,429025137666392;1,990945920044
0,445840685224533;1,96708032841798
0,483722984400637;2,11300910078866
0,495897671448903;2,26713463181097
0,442489515232374;2,0034313348831
0,518119354651973;2,31328735525437
0,50518174233208;2,27637630464559
0,569901189814868;2,53743073471907
0,593320115337204;2,63134710250295
0,46323755523182;2,11574322049198
0,523058657423165;2,28869328854324
0,42509849769338;1,96133716905766
0,482540450101533;2,13397217534235
0,534162516965857;2,37664003105982
0,490839044568743;2,28268222540912
0,546768816858425;2,51622046743035
0,523318605933397;2,30628722985759
0,39444389221579;1,87619771366397
0,499898693472264;2,22484502120061
0,365813414251955;1,7373096316755
0,52435669974474;2,37052413472663
0,35899089757829;1,7377184637855
0,568792389085011;2,49195642895727
0,615266828912497;2,65590811419618
0,437642961012819;1,98724054782758
0,403928495665011;1,8959133773387
0,352154764530608;1,68765492472802
0,460916266536736;2,14897686506896
0,461532693164802;2,11188436681287
0,413248504863623;1,94777936878545
0,611675118925614;2,6570530101983
0,431853612230158;1,98102642880989
0,407754438998196;1,91081660392296
0,619880965545641;2,82441858548376
0,419367836066151;1,89639673108192
0,487524391952469;2,17728428406059
0,516448773962651;2,39475952917758
0,503561279702569;2,27585340058856
0,454953638365206;2,07950270035295
0,508079672833732;2,29976473240738
0,41483682284978;1,924926312077
0,5543727067654;2,45184940816527
0,456893561767087;2,01416036438806
0,501261845192041;2,2364590657513
0,53709405058495;2,35672466086025
0,416336916154042;1,89664384276709
0,59288150708147;2,61436382087057
0,598962622087436;2,70430377929819
0,399330030679832;1,90930743894855
0,570074275607216;2,58808682040229
0,434625640631895;1,9728593649772
0,356835752162148;1,71183335756599
0,451963566678574;2,05204765731516
0,422614564994079;1,94461988281985
0,557570771560679;2,41549409398903
0,518128809501309;2,41713649898969
0,386095742738921;1,78527974519662
0,56360829372784;2,56568479980141
0,585130722372126;2,63455917010103
0,572707635297584;2,61484157586762
0,525535610529209;2,35656959765649
0,494533566475996;2,26116936828795
0,561301810843816;2,51663333906915
0,479950331855954;2,1380720359122
0,365899198644261;1,74558121055877
0,489221620501628;2,22452069348495
0,50036875543094;2,21589799100486
0,501042561493315;2,29703032801886
0,50315782263199;2,2278293615351
0,439215805814662;2,04527963076005
0,50588177736086;2,27873971514383
0,58058930534405;2,45834476761853
0,484030370782789;2,1749618312097
0,373723086757532;1,77360814930961
0,551317176015662;2,44530791273183
0,374351967411996;1,72958708227981
0,597479665501468;2,65441908805908
0,459452058073514;2,07175581554613
0,399887374505987;1,87855026514841
0,412334205620636;1,87548331154977
0,561795572269931;2,41277229401013
0,454742391131513;2,03374808950899
0,463585946292079;2,09964377017956
0,45486435604304;2,05867868968377
0,552196163842434;2,44211657453838
0,463954491499435;2,09213679081862
0,371738923764857;1,79981261575905
0,617053096747501;2,74924313200344
0,580860979220008;2,59658818456696
0,409991224893291;1,83406393487957
0,425038669580087;1,94380056424351
0,590838264617026;2,65780906887852
0,385460138079593;1,74651545519913
0,441102746081924;1,9367266045056
0,428695033440179;2,03176267043
0,452532937952754;2,06055007288189
0,539159056807789;2,3568023427477
0,394504729874419;1,84311313099688
0,597220091888369;2,60393367244769
0,504749339859891;2,22187525687329
0,406244088920803;1,93292462459903
0,563745292821314;2,53178813289394
0,569296598511253;2,50473309719747
0,51031703420297;2,26802931294378
0,570724331161323;2,57365345354452
0,46362976743773;2,12082560709223
0,479870366886686;2,17941178046826
0,356175566252221;1,75083325940241
0,405890428743462;1,87724747900366
0,457646091872569;2,10871827043159
0,528145403765693;2,4250865343677
0,374304273759558;1,76603430821648
0,424870879097668;1,94200430501557
0,401999018085857;1,85434745478167
0,575245074283996;2,55301656582174
0,424494409561404;1,94355090886557
0,505801918059557;2,22026543125158
0,608616422619799;2,67689713279126
0,35859813103183;1,70781580610216
0,557435718422839;2,46587627666234
0,55125211125417;2,46804149870452
0,562673029192029;2,56838593023399
0,57611845133393;2,55828471741725
0,565875910012964;2,52979568981091
0,360874797105756;1,69554084970519
0,566088836342647;2,55976652243648
0,592982486975486;2,6466662048746
0,464525933737654;2,05285136543566
0,509517250792281;2,34537952416597
0,361298568874698;1,7582071216268
0,384291970909391;1,8402263804985
0,565151339523037;2,49591917745347
0,594270684308789;2,67023188948468
0,552472882499182;2,44374803314307
0,353999761083778;1,6740365845156
0,400797695189975;1,83001235069663
0,477387400568959;2,1422351181427
0,590457043480545;2,56981256701317
0,452951046815329;2,05293921364558
0,597302435155353;2,66775461081191
0,546036503212119;2,4122405940482
0,511670157008175;2,3244341759551
0,556331130002329;2,49921453756268
0,395473780301231;1,87660722198236
0,435463136747302;2,03269772640711
0,452256496914569;2,12861517999392
0,624733097816985;2,71820808178723
0,357335425102533;1,69404340024152
0,50427934110987;2,25965425639006
0,531583049923105;2,35801465353405
0,513929822451338;2,3431709339997
0,452997266047423;2,01727124894971
0,592405257783112;2,6166632923973
0,402202629752372;1,94718244282537
0,587218429660234;2,62710895527405
0,601379662225609;2,67884647911948
0,493250855359413;2,19912177111927
0,568445063734214;2,52141415169777
0,460793763807287;2,06768620306768
0,51335095534146;2,35122612879806
0,383879304267238;1,73698997133872
0,38653810464099;1,86041256781739
0,468118368606778;2,11360157186067
0,571919280741906;2,50676687899548
0,513859039003601;2,2944166732438
0,366229574981495;1,74085823758302
0,447978079703317;2,08675594130835
0,5938834465024;2,62525405653693
0,512603280134637;2,26067630043473
0,494236573723;2,20886637026027
0,475622772380521;2,15323712585927
0,487280030619871;2,19767187854046
0,618566093134995;2,72287474401905
0,552317328046948;2,50322728392602
0,369099145546107;1,71245642366769
0,602867433108121;2,69425249232916
0,399205436557204;1,78363916516249
0,598288955762941;2,63589392452529
0,623173932982062;2,7886291780611
0,538745192339198;2,41004965190434
0,578420604393021;2,60123322682657
0,589770647112117;2,65348160486746
0,546301525962089;2,4096709407427
0,379741711137683;1,80587746913958
0,371405483697039;1,7364208558144
0,51630402050559;2,34729566084222
0,531056083011305;2,37473863893569
0,476398536181858;2,09419179416788
0,449433686537993;2,08746407088326
0,511054144470451;2,32887796808948
0,493502276208674;2,24414723463496
0,481304323764164;2,15830805214866
0,4561183781149;2,0283433713243
0,560187460240295;2,49382357362126
0,379431889781362;1,73211687425566
0,51287900282278;2,31054914563389
0,55995787583618;2,48445073354049
0,607981893852482;2,72482649882603
0,504173316435065;2,26277972334243
0,551647131922476;2,41656064998207
0,623821788208924;2,76013974585304
0,44275568995529;2,05142542688724
0,481608612345818;2,17504393739942
0,512625689108033;2,30184658161427
0,613879591172651;2,74214719955506
0,558046024121938;2,47139628021426
0,495794896288177;2,24224990829489
0,404920355066498;1,97755740908346
0,390178957916713;1,81233574411137
0,41939811320433;1,96682539785044
0,469696640259159;2,13973612784565
0,397282638666408;1,84434186381022
0,585541577801311;2,58248201593203
0,494419409786699;2,22557124488825
0,55648032817422;2,49607228508148
0,439096720323172;1,95827694076581
0,477116878858071;2,21125312517155
0,587983431019195;2,57424388620511
0,474287789498869;2,12793400321262
0,386653895341279;1,83731368434132
0,600380333251712;2,64451850581953
0,564347263431305;2,46348895234846
0,50915685284122;2,28158742034752
0,408196848482871;1,87674344307707
0,352412996608835;1,69032347262569
0,533241678925132;2,40911716848252
0,51705638224678;2,28329024657282
0,584006587811588;2,6042418252511
0,596084488447076;2,65080815160597
0,465697612350407;2,12004664334376
0,581653177720102;2,53303446117974
0,55872128116558;2,54602475301276
0,430972036434811;1,99018324877222
0,473197722162284;2,09373499207628
0,410559591425223;1,96799599463294
0,592162866997965;2,65063269486068
0,409749596006195;1,82595212553099
0,614349666003607;2,69460234396421
0,569979511807377;2,52270473319055
0,587653022789448;2,59848252627801
0,411061187458537;1,85345679495005
0,433750376608263;1,98234756626885
0,489393229888356;2,2344692255418
0,565704474177864;2,49464298411136
0,564231054734162;2,54396260926268
0,371587732310891;1,78252711062509
0,513418294653938;2,30128066900821
0,35850223062893;1,67308068951226
0,391306788550557;1,8824421730383
0,405384427700856;1,8652847992735
0,617324843118088;2,72483816230407
0,621819470307057;2,80319330759711
0,543155732931878;2,44119129921216
0,445780345422123;1,98635656850624
0,47289649173963;2,15360690119479
0,505808348883847;2,19976108417153
0,468300788018488;2,15558453878683
0,365626102093243;1,77212335508997
0,571545784830269;2,56556946851411
0,39417283761815;1,88025877206645
0,485546422383388;2,17809422363381
0,618440585784981;2,78973798287371
0,40603010283749;1,78696172487945
0,494074185115053;2,21107118628827
0,514722999436792;2,3038971977417
0,464854010804002;2,12843953624338
0,569882871792762;2,5399166344046
0,544315409392878;2,41040723427606
0,401633015121666;1,86801171163351
0,39940900262639;1,84497627705539
0,568847921955614;2,46745731434795
0,606480447485934;2,66110925476493
0,50207044489735;2,23184356413692
0,525309548838895;2,37803325967936
0,589256607298994;2,62470616910606
0,466171336696722;2,17363045216138
0,446386695232805;2,0191088755068
0,428197231399151;1,95593129629386
0,605584481891104;2,65201183499667
0,568757838157941;2,48910590791121
0,624199888105832;2,83587715591283
0,588095593850047;2,66603361007095
0,402239596057007;1,81648130439213
0,349818310497216;1,71301622201483
0,488630642113806;2,1133883912213
0,620345508370425;2,78015495982122
0,573700849810676;2,53792289747985
0,571739466205645;2,53264935629787
0,357108901419067;1,68613099870889
0,622194326389551;2,77035516901788
0,540836123588949;2,37409875269468
0,407020497745018;1,89171287069837
0,493679638031355;2,23639128045169
0,357107572692433;1,67048092241098
0,546597575196216;2,41896389814956
0,551491715350926;2,48734874026445
0,621842200447026;2,75734321764407
0,6114044839899;2,66322007784432
0,44861705568307;2,08963248861911
0,618066080263966;2,75945408503163
0,377015889159803;1,72115023344208
0,376831038680437;1,70078342750096
0,435755565412688;1,98875943081511
0,426527509181996;1,9921406620952
0,410354710142094;1,88117229268662
0,490762182074979;2,20803227938204
0,614520791110848;2,75201971896488
0,533208062166917;2,36240596161666
0,58941238602348;2,63679147943063
0,57810639909696;2,52442310246329
0,427133135583383;1,98971253779095
0,450777920553951;2,12208504468961
0,467403247074397;2,07661496327357
0,483739327008161;2,21078585262975
0,442365876027947;2,00036528786805
0,504016971714531;2,221641934376
0,438547079243404;2,00487405761278
0,562301579716656;2,5065698018831
0,385791895272991;1,8032338821565
0,418442487092004;1,9364871660479
0,394454399966348;1,86406961815807
0,522859569050021;2,39593549741832
0,486418269233102;2,29009749714325
0,613842403605701;2,68101621148873
0,459898590401991;2,04344785327753
0,580151976695357;2,5590508737367
0,45847756222422;2,0790313045592
0,364016220029125;1,75844024242001
0,497105430932783;2,24349311009377
0,37696406446629;1,8091377548518
0,414455465049396;1,93742771140956
0,518620983218213;2,2767241123974
0,483638038307522;2,19008346720809
0,350442441920987;1,61703673018162
0,449840302632449;2,07828806737595
0,442394614384386;2,01434168697466
0,384751321722685;1,760917584149
0,47761952676795;2,14641791653703
0,570112047357912;2,57553844461209
0,507896512337359;2,16582395049005
0,44035762842411;2,10013864051943
0,556987885802017;2,49326091541016
0,372971336417593;1,76386316122743
0,580985262678817;2,57475811095655
0,614405755007914;2,67974705753448
0,39946504283131;1,88853286009707
0,598041066337082;2,67821672151556
0,399209055781079;1,7794217035098
0,355839422749561;1,68970010411767
0,593430882198172;2,66847613764871
0,420092621286192;1,98977661415312
0,514852020791004;2,33047537504655
0,378750920327512;1,74728779494559
0,536703912545139;2,44770032787615
0,481224819955513;2,23397838890031
0,544158050003713;2,46742175751864
0,609371718600285;2,68353773708035
0,455364878553867;1,99370958956723
0,592197252186433;2,59618019242399
0,586652586159109;2,60233185541137
0,36124140295372;1,67330671962975
0,5865527668836;2,59042314722523
0,50835588985583;2,33719737429114
0,604117863365735;2,63046476486341
0,409426527089075;1,83734586669058
0,502635328100814;2,20871116767474
0,534327225594035;2,38387116768322
0,355013375085769;1,71466915785151
0,57803453636303;2,59950397203341
0,405777784707099;1,90158364490097
0,382369968602313;1,79464347876516
0,381976462892424;1,76966762219141
0,45597772323003;2,11708737183104
0,597739798834578;2,57220107116795
0,403119329387285;1,862503692081
0,488768218922866;2,1784354138367
0,479201112872177;2,20990303627178
0,450327077612899;2,07181332698996
0,539896921416461;2,38311004129474
0,404427767899664;1,84240653200124
0,470683424780495;2,08985092141104
0,47398330335014;2,15867324497302
0,420824748060302;1,9860006812638
0,546902635474224;2,41579265327961
0,615157787065053;2,73726828062056
0,425922738178799;1,88394686746878
0,574867948133398;2,58157862671268
0,481731799227313;2,2139037296478
0,417861516677286;1,92880038225543
0,387635391853381;1,7594079552277
0,574284298939697;2,51578029067165
0,40327006762174;1,8348104771272
0,608948471136574;2,64911005995614
0,352398350004176;1,69677478163317
0,501763431811301;2,25854051288609
0,39311324774059;1,81355656403358
0,502458562117375;2,2550937436383
0,364106956918865;1,75700850453848
0,57414701479888;2,62567903513332
0,370037233658035;1,8137762734841
0,546598277279795;2,38893764441622
0,471588495431675;2,04250398216094
0,50002757739408;2,29968345989058
0,410203348914931;1,94266826325432
0,605341672084443;2,68599528709168
0,59512429017795;2,66952476695756
0,478499499356118;2,182127929871
0,595718032391457;2,59225964868335
0,560659480130308;2,49416675417547
0,494380668260246;2,18705872755475
0,615056535316181;2,76865355343492
0,503702725560191;2,22987916525368
0,605514184003678;2,64688767509004
0,368968656111629;1,81035397526682
0,384216806403768;1,81097530319008
0,370563660894717;1,70139844825359
0,536300525151376;2,42129863525976
0,354340701463777;1,67088489600998
0,621038662813629;2,78164115162476
0,570931788373283;2,50285388360111
0,482359974596139;2,18949037856276
0,465138462690745;2,01741823933587
0,518849112670506;2,2757883626212
0,434555684980595;2,0256852131176
0,599237464273243;2,67870958523401
0,36899834138112;1,7014818982445
0,397111995725295;1,8861216664414
0,531413671667435;2,34522559345729
0,61630440174875;2,75614530635585
0,593763788354579;2,59033435359216
0,413060340700904;1,98999107369347
0,458465945280231;2,07288439411563
0,460966673870607;2,11782394190488
0,405917563764639;1,99848732080531
0,355966696291585;1,70060999855595
0,402898120930559;1,86597499170539
0,376176073088206;1,77016812899332
0,609030569830249;2,81595974240113
0,474105593398793;2,17237684979302
0,617439386424055;2,65041264573304
0,407014243290168;1,8797297671736
0,438710356935207;2,04707511673999
0,446687593794007;2,1069933801137
0,469773702817604;2,18582328488012
0,379026020791442;1,82222882549038
0,603234840367551;2,6274316009716
0,556980338931889;2,51341985201754
0,561912342416197;2,52739025171017
0,377831239254946;1,77484042327887
0,402354598922562;1,9049706856256
0,494814653126226;2,20565404066065
0,381687294051749;1,77571426933805
0,38601303885599;1,80097772222737
0,604225935693586;2,63563391387978
0,564686580046904;2,45475449668434
0,460208555018457;2,05003199954752
0,606227897334308;2,65002416090271
0,512841128029808;2,33962429233132
0,504170176687587;2,32921174929859
0,558960705306589;2,4197176861337
0,419872705180703;1,9388588565377
0,591251724089125;2,60887049020895
0,369220231876532;1,73889963930994
0,606663478619101;2,67694270450592
0,523181601972792;2,32686792873043
0,421835956354949;2,04668155759925
0,55263989225544;2,42102774549176
0,350606657688158;1,76673905319213
0,588544428907634;2,5404450647373
0,421264316933903;1,94976424810479
0,596834545089632;2,5593194993103
0,477991486907781;2,11580342260212
0,48814574264368;2,17063812567559
0,43509404654941;2,03219608967565
0,413934144777501;1,8868764883581
0,530057390606848;2,36845988804748
0,505439059774015;2,31287414424537
0,442551948477281;2,04195806002423
0,594498456411236;2,62970436110358
0,370955578511148;1,80762864993857
0,431000499478169;1,95113951251715
0,481317488903949;2,20805124260163
0,415373504490069;1,9338473403939
0,525316109026391;2,3314560896259
0,400724424574498;1,87791857047395
0,506114745829597;2,2532170047029
0,57730417475627;2,52464951391752
0,581755026653081;2,58379341730911
0,437084379782768;1,94896267323791
0,571938276063649;2,51044334140746
0,466803735389981;2,11062688010586
0,383852938700972;1,79792773741778
0,600788960111486;2,68297422170072
0,472814219686451;2,21030521582337
0,357632212091182;1,68863227359185
0,475799572241749;2,13270961828817
0,474980263952706;2,15422507242042
0,597514021999482;2,67535714316479
0,560722990484008;2,49318573562632
0,389948297492505;1,83911673549748
0,513747918635258;2,32815682070819
0,501512972156277;2,27197661812058
0,438487813924099;1,9879390872884
0,474920223094577;2,15967651854133
0,384271928514172;1,81551259114713
0,429364272084802;1,95968034253573
0,446480753234677;2,10319096237308
0,589658015499745;2,6324439083947
0,547346528088844;2,44433192897742
0,437514331910902;1,99373292340779
0,447383284524546;1,96542982386563
0,413489162886261;1,93487540180066
0,357313862689643;1,65867295510144
0,412604321566537;1,98488186048818
0,565467402718094;2,47816355087563
0,353501017252993;1,65534899592995
0,58647909120759;2,5682467895041
0,601437151490561;2,72021035157164
0,476060222387271;2,14008781437839
0,508213690873801;2,32757541873761
0,365469190544127;1,67007987458927
0,610154861996159;2,70746603362019
0,560159045804201;2,44504412787562
0,45431784990766;2,01542076779766
0,616993910583109;2,69559148035658
0,602695827755987;2,72145269490998
0,548272296532792;2,44672177490351
0,435500298505652;2,01771709625477
0,556210588470317;2,43760621118222
0,368452568517379;1,75973170662524
0,456510181994176;2,06714870613344
0,360411636225836;1,74016858597241
0,507615612687407;2,31634974074185
0,417829964350909;1,97367066570898
0,382015896768194;1,79923529730678
0,616107804513901;2,71444097917652
0,418069471361219;2,00368092224498
