"x";"y"
793,23092535306;632398,291544269
797,919021878467;639869,789807095
811,981328171491;662552,152724072
806,582943634635;653799,026992994
799,631091554857;642612,71385453
799,034628942668;641655,969883914
799,1242079559;641797,834442613
812,299957475337;663070,364556686
800,558007902185;644097,036324744
804,200782359008;649952,853673898
799,251100849864;642005,424048477
817,054166718183;670835,182186404
802,634956296761;647427,967169308
800,147337983178;643438,87025862
811,54002935483;661838,339344666
809,644017118088;658755,849222822
812,201180947449;662912,235897333
801,451977852839;645536,693158405
797,629644651873;639409,976334052
813,216853474199;664566,803896222
794,235187391905;633996,425850853
795,447257158042;635923,189914027
804,345526101651;650185,049038622
800,864219744304;644589,52354357
796,769219781251;638037,708408143
816,448158709837;669841,607037201
818,760896320871;673632,863560578
809,723144354062;658882,833036587
819,454322092126;674767,412665735
801,174585765912;645086,947415216
794,122809934569;633817,75120372
808,106815918465;656265,967374782
795,740226904755;636395,720908654
807,533014993608;655336,446379331
818,163731179503;672654,802293294
802,57557183927;647334,862421899
802,567766870544;647328,560404035
800,922544385128;644682,464988004
795,765575771031;636434,143274969
795,704837351485;636337,294095927
813,226263006851;664579,352506409
800,491919229673;643993,268134523
794,333942408016;634155,376556906
814,383227765924;666466,106689366
813,55445883866;665116,385435757
817,492834038538;671555,205900315
799,450895776797;642327,790725379
799,886103700737;643024,338031172
795,313599866745;635713,608160104
802,647033723086;647452,889913437
804,272085214328;650071,47017573
807,736115861391;655669,86518296
807,670792586845;655558,909290437
798,373086245007;640598,841542536
816,887376357049;670560,363044734
803,527628981259;648870,714052681
800,342354309126;643752,165101922
798,893975644125;641429,758979916
797,551365727865;639285,747862011
801,105555992825;644977,890927833
803,958479487079;649565,773753045
793,011820949631;632050,828319234
798,099592976042;640164,107281801
810,378127892876;659947,848239786
818,658733644602;673463,802847732
816,845275982569;670490,481779132
814,996509968058;667467,284640108
798,719061783974;641150,855631947
816,247815955866;669513,050749783
807,50524857555;655290,375124599
807,779649238875;655735,547015298
812,668770228938;663663,497270704
803,056097791593;648119,952870746
819,63806469361;675068,550544934
810,069800943762;659447,285276203
797,250021653613;638808,847081667
817,779620405887;672020,25541827
815,921984659675;668982,482022609
805,18726758382;651545,402117055
815,358625866106;668057,553420645
803,125707262745;648223,76113534
797,525008441205;639243,558816639
816,766029721871;670361,030732923
817,399625814509;671394,917394063
809,55318792196;658607,645144151
792,349802686373;630998,298855834
814,817087034092;667175,25778789
804,261466655803;650053,488464413
808,575694073384;657024,006877723
793,981892921769;633592,193479252
813,86004584598;665613,103717417
798,93717953211;641499,97630629
816,746070832354;670329,214469128
807,517616914164;655309,87509665
796,534434812146;637659,94300103
801,651955226574;645854,293474773
796,083003661787;636940,007445726
799,295214765351;642075,946913432
800,715596528968;644351,046724132
794,271716869381;634051,959686114
795,794231084786;636480,593632264
795,033137901892;635267,941274258
797,970885759992;639954,355440172
794,461109988776;634355,05451231
792,886812952648;631854,045384886
817,191357360546;671056,473964275
796,752713235326;638008,960862857
800,473422794363;643965,65683633
818,37769502813;673001,420435844
811,771412130047;662209,632767312
795,347627225222;635769,726635663
818,19907129635;672702,987247175
809,858771962828;659107,251654547
806,237957450766;653240,690492071
809,386156638254;658338,433729861
799,197039960602;641924,67788714
793,19124946986;632331,771222557
801,751640248742;646014,905929509
800,718337424026;644354,970757498
801,923607148741;646289,472574402
791,910326424536;630302,329267501
808,020006618207;656124,921720527
805,319915868108;651766,029632273
799,258691627417;642016,853068204
794,923186289071;635090,398449338
802,465524913344;647161,709119083
805,551308689266;652132,838782843
795,611599576259;636194,066203066
796,207881701504;637140,243745399
794,850312607384;634977,572281657
804,489336265161;650422,549640272
812,351004222641;663155,683715648
796,789846269141;638068,186915356
802,300363207727;646901,093277525
805,487611857063;652033,009746339
801,538266897398;645673,616481054
812,465897571312;663342,090075115
814,541165934088;666723,79986084
795,493943827418;636001,794851784
813,032893528438;664263,941796871
794,315909899146;634127,917156942
809,131371042652;657926,759610701
819,214047320151;674373,211510728
819,034878554464;674084,186723513
809,499973878105;658524,87120024
812,098439906352;662748,930189427
792,247739069604;630835,143624549
793,453852159978;632751,320860824
807,749473281789;655692,124867742
802,517631323992;647243,252026318
793,430777982486;632711,122239021
818,1245580666;672585,223826769
809,823096350251;659047,922136938
802,336685966823;646953,99522887
815,748311116467;668697,048320434
814,11472815572;666027,595596647
817,328047912419;671282,034364117
806,845731884663;654222,474073122
819,808940572533;675348,484584744
808,658372772447;657157,218396863
802,4548955556;647144,3527977
809,977169078039;659304,798639643
793,390911199762;632654,1159212
808,213505953894;656438,942684729
797,43644247469;639099,89327186
797,123431511082;638598,31111375
802,73999171855;647605,301810348
804,417199870139;650293,506550625
806,058679859618;652952,353096872
808,629821171189;657113,283313303
797,570869316985;639315,247298781
804,080169644073;649760,534075062
809,725460853155;658889,102795932
814,459253899564;666591,292926639
813,368689523787;664811,937233709
805,646652945442;652287,063226196
808,120474983708;656289,81951111
819,841684603846;675403,390815318
817,296034614912;671227,104858629
803,334799963748;648559,446134403
817,019740095254;670774,827628992
792,608802210475;631408,926352073
803,767615640742;649260,256166456
817,991629535918;672369,103815377
815,702140649749;668617,700239599
801,970832859123;646370,078240468
803,970882009886;649582,982120232
805,936574872633;652760,445167271
816,795270933243;670408,130831074
807,105682133323;654643,293561722
816,423039320294;669794,608899225
810,757314496037;660562,428656603
804,912780633404;651103,199465045
797,726089908404;639564,911498885
814,504711511183;666666,465414135
819,44113043307;674746,080078416
815,894278890564;668935,127696502
817,732477789494;671942,979971771
817,125809828889;670952,075285644
793,913305710001;633480,323759695
796,02022247668;636839,474847666
815,474225197041;668248,61043698
817,673644852106;671847,989649387
799,095809790209;641757,100563939
796,524056376251;637642,056185297
810,061325763519;659432,695882924
814,411140626721;666513,755308914
792,113680880641;630621,618220326
820,069660292197;675778,694422345
802,616144644253;647404,697347747
793,537823452202;632885,712417461
812,896384836742;664043,103245977
806,57560355228;653791,10971262
802,75930113505;647633,872433381
813,555486304334;665118,621703775
799,169908243297;641876,288124761
807,16305276316;654738,621669203
792,047396175644;630522,289394701
793,164577212652;632295,514419295
799,353132082308;642171,215469554
817,453600736656;671490,166905762
805,594958564988;652203,570686889
806,090679038147;653009,570229113
809,713842280303;658867,709212638
807,638940597669;655506,49965891
805,019928949014;651271,51136042
807,373722063447;655076,629758314
817,799100350051;672051,703046498
799,771014612891;642838,571260842
799,562338475087;642508,786643118
810,364252903252;659924,365434731
801,131356446433;645023,485933334
800,172053688589;643473,533700823
805,216961942411;651594,904707418
804,60557750966;650608,111646629
795,515208662464;636035,717526492
816,398593822003;669764,531836573
818,49828156496;673198,634604089
794,737654543679;634794,562368158
818,859557743752;673790,763166576
805,462759281553;651991,678511283
820,421699912491;676359,867745288
813,681012637154;665323,726302149
796,813681451582;638108,625820645
796,388282711384;637427,404226443
792,088179472067;630584,010723027
795,739210338293;636392,44256719
800,049227640431;643281,030341434
812,53430383617;663449,590231413
801,499598507984;645609,957367852
792,654164648978;631481,241237502
808,764105550457;657327,534696461
792,566264434303;631343,140097497
812,521253700211;663432,198209706
812,733542703329;663776,974222946
817,953668655323;672299,370159177
798,289873191265;640466,324707574
809,940886322716;659235,495107368
803,205353007877;648348,690596457
817,92047755635;672251,105431017
802,672136100526;647497,449341966
812,823589222741;663922,339281577
797,503643586728;639206,91888754
818,278971089771;672838,849629113
803,970701262961;649581,9707597
795,498144210231;636007,551730884
805,877283901713;652661,250438517
796,049955032508;636887,342916975
815,905758073498;668953,857237594
804,301932355201;650122,491392927
795,931448365222;636695,966170488
820,443916705339;676390,694669402
793,773057295502;633261,567390632
813,750548126991;665435,132353731
817,581835453553;671697,919947598
794,033113483166;633673,425812376
809,09335772585;657860,107318331
808,967115998114;657658,867196454
810,221441660814;659692,468058263
802,858253590211;647792,486964313
798,845059796007;641348,647167063
810,06887625732;659441,802585718
803,168981125668;648293,530503266
801,351082744874;645372,346457981
807,48187329984;655252,38546947
806,613776224221;653845,897357906
819,034192324106;674078,367039375
814,434709421766;666549,467031554
795,007714667663;635225,322171664
816,730980883954;670307,806236356
794,245245430978;634014,196295211
806,576423806276;653789,580333936
809,891918238376;659158,541694316
795,373325792867;635809,781185172
805,088353545879;651383,033905357
808,098818030362;656250,3016007
803,812458736815;649330,278219335
810,899999954241;660794,711289561
799,404817090106;642249,680363142
804,760317422518;650856,654299381
810,532299953478;660196,318367669
794,833093279688;634948,051763368
803,507721808;648836,733210074
798,489438901447;640787,911927539
818,822980903036;673735,235761869
803,473253561417;648785,37393639
799,996886066795;643198,766821926
813,795076912467;665517,95483908
811,269453554817;661388,655967827
796,664251687924;637866,607426764
808,657626839741;657158,116488184
808,611946364244;657083,964312664
807,677467224005;655568,485744439
819,506822927574;674860,961756652
809,280610413416;658168,632983832
803,557118801313;648920,09122899
793,851739556999;633385,300101686
819,867369939114;675448,98876981
800,881090730532;644618,035400439
811,356311071587;661539,45159192
805,937413371977;652756,459442639
813,024281598087;664247,70865348
804,165313044841;649898,07476057
798,246485016611;640396,759177195
816,606412701821;670101,628359529
812,604195593568;663565,572743666
811,65461970542;662025,798942962
793,487191234912;632806,874268329
807,39813873049;655116,777174409
819,00995129769;674037,503650037
799,381793742271;642212,2825209
800,863589356573;644587,691585095
805,066742395886;651352,358531547
812,341630460734;663131,755650715
807,246643882886;654873,907836661
815,180933993582;667768,838885118
797,652166935955;639446,854647427
798,58797671327;640939,531340612
798,886855525858;641425,510314667
816,747924511593;670332,897786733
807,541305260561;655349,627636805
796,086504488539;636950,166456348
797,95781115247;639934,084771076
806,685712840362;653965,942481842
794,902229771722;635056,831957345
811,018175005516;660992,68046918
814,867716611573;667257,057612611
800,93699709296;644702,295217307
796,915186762071;638271,206495483
819,440313858808;674742,571228701
807,505845059068;655292,840762624
813,173915726961;664495,073473761
811,743186891847;662164,948448348
803,597810471031;648986,937420093
809,311631149391;658217,546344852
803,632831184317;649040,097144551
818,095441306225;672538,349484306
792,64282043628;631465,929110055
794,472009193666;634372,482612189
798,951809373795;641524,030069651
803,554155855651;648914,934151076
815,014307547257;667498,392188207
792,872423333586;631833,793085827
804,645262665522;650671,273878338
801,326920286108;645327,729103405
792,424369018948;631116,386789817
793,944922089554;633533,312523544
808,885197297406;657525,272829299
818,281305894206;672843,030715519
807,783114788179;655740,260529654
814,117206216459;666034,054072903
799,974036133081;643166,196893274
795,463696055527;635954,207502763
798,254245668543;640411,636107477
802,101223533393;646576,178862119
819,074482389542;674144,479922586
797,284085082815;638855,81564872
793,717552490692;633171,816553639
815,284694054297;667944,198771132
817,358609874915;671330,010793574
797,862109988778;639786,397675935
810,765797862354;660576,675861646
792,834042650026;631765,157040809
818,695149056996;673524,300195112
796,802628817791;638089,652839161
809,990196668963;659321,883721443
818,571214822337;673316,757969335
809,3590707643;658292,951069509
804,841748845142;650988,333590903
796,407855828808;637459,935143717
801,941060832817;646319,625200148
794,141928658196;633847,739352238
819,624449271876;675048,028487728
814,346985647661;666411,859978483
806,646084180413;653902,083606106
813,685133525718;665329,141631753
803,520913733703;648860,48356768
815,150235020997;667719,015342207
802,864923021081;647802,792635687
808,839944384313;657455,384412382
812,564190567512;663500,767581771
798,568876174994;640912,451005782
814,730173334719;667030,443872179
806,483027969152;653638,872237862
797,562354699595;639302,089132291
798,668479349749;641070,5565455
793,976731428482;633586,053105986
811,120157088183;661154,893726989
815,617817929613;668483,448966057
796,949967646039;638321,804268007
795,357412357371;635784,517022083
819,085057164569;674161,259495887
809,36674904219;658306,686116964
797,103939514457;638570,052642718
812,641653683869;663627,987845943
792,071734635012;630558,844635381
793,075258047289;632153,939389907
817,938020467305;672280,623928129
816,68457743409;670230,972753188
807,729051232443;655657,542314941
819,548526024126;674921,490980253
809,580366275891;658652,974442356
820,441380335485;676389,847733171
793,112321406144;632212,277204193
804,61106514602;650613,193396207
803,752729524263;649232,921241759
805,590877246896;652197,086917693
800,667903712376;644276,296378166
794,485198972857;634396,147834929
796,801794991443;638081,935254208
797,233988333456;638777,787387404
804,772884353432;650879,225636327
814,93947333406;667374,826486194
814,593297969549;666809,303887108
793,744851842537;633214,990961366
820,13820656026;675895,54687049
814,583652053997;666796,592836788
795,622257598597;636201,905312228
802,475330257363;647183,820616131
804,148421586761;649871,316032398
820,341465716593;676222,130008538
810,026915986039;659376,42090803
794,367046226635;634206,112254199
797,450877950435;639124,157558073
801,191177072372;645114,319848301
799,036476455687;641660,658981374
812,748487122257;663801,401261869
808,100163446368;656256,133103749
808,187334720441;656394,969249906
792,940345346808;631933,169359241
797,861563581638;639776,273025342
807,703261624717;655611,671534017
817,136998572834;670968,568686719
794,406760307072;634268,639864426
794,793413403444;634885,494077787
815,939331624804;669007,896460565
793,155967928776;632279,670974751
807,127661530011;654683,929797942
804,928825372735;651129,029408432
811,816830157863;662284,743761884
812,629912866527;663608,73517487
802,835984654469;647756,12725674
803,931226778526;649521,936921974
794,843153258621;634962,489715013
810,423556673247;660021,959938985
806,499653513135;653667,50055248
803,0676372635;648129,650418468
803,288480914445;648485,429749752
798,07803586214;640126,910765696
812,138439686121;662809,18092487
798,866418484263;641387,110916734
819,596662281973;675001,605239721
793,373917195767;632626,394352955
807,05468505576;654560,991211869
808,366567341508;656685,274289983
801,018582944413;644836,151173775
807,949554281361;656009,231169407
808,798994933243;657387,137290807
811,2577317361;661381,725179863
813,74855435122;665427,413172868
795,75856637142;636420,603319495
801,7962374826;646083,10107131
807,058769066991;654570,095287532
813,889763702871;665659,59725342
815,994259444686;669098,057782083
814,762477211206;667087,167572312
812,188146397029;662892,946788292
812,159397530041;662842,695711553
816,393344795049;669754,515172595
805,427407858857;651931,830543026
811,600765694526;661934,434617793
800,976449159017;644766,037987509
809,245359216804;658106,889939199
798,513572108996;640822,567772464
803,480302571495;648794,883930486
801,894063045947;646245,636003938
812,092299623871;662732,568767483
814,089733443825;665988,500045321
818,917476893909;673886,226298768
802,883944291759;647834,14660706
794,07475493751;633739,295997454
800,848952808707;644567,249105987
811,454848610096;661697,273995552
818,099894104112;672546,594691015
802,463862773582;647157,16159802
795,356695989193;635784,425488285
813,228751433507;664581,4220392
806,387084129682;653489,571289282
806,90366462717;654318,765423903
800,96379596101;644751,171291703
796,39873178217;637440,068363352
795,9746518999;636768,851158446
793,750780013696;633229,696914444
806,901961343718;654312,333114093
798,129167189992;640207,823089788
793,443265092508;632735,420538628
798,037284003443;640061,086461127
807,550042441851;655366,526543516
804,783465994628;650898,074203414
816,018208592217;669133,151810248
804,83475643097;650978,818356231
803,065318137931;648126,702821961
793,02480616362;632070,883631108
810,042937160408;659403,073704358
818,055811833002;672472,401058707
799,177923110172;641884,22430191
812,357675520042;663165,952381369
798,315584084685;640505,110569573
809,228011125089;658080,988243281
804,954244093958;651169,620519355
808,718239861691;657256,228374432
811,369161082023;661555,449059859
800,250374902871;643605,668885285
819,92563253776;675540,123218829
795,394369717227;635844,990104165
812,814671307859;663906,936715928
800,687240606888;644305,268920388
805,531361612227;652100,527775503
799,341330176052;642148,196424706
805,661972017268;652312,522499892
808,403986894596;656748,966854391
806,228028222375;653228,904342709
810,853748000085;660721,324437728
799,791065289102;642871,42675906
792,426212025625;631118,835853504
818,601319551242;673369,914771833
807,260257704736;654894,31474172
802,966185682457;647967,016315834
811,604805188978;661940,465982918
802,903202071994;647864,021035764
798,051737204572;640084,549657992
820,047922511364;675744,112644376
803,485241314228;648804,430106298
799,090548090838;641746,718407746
792,236706980994;630819,507245958
804,500805242167;650437,915180692
812,134353621705;662798,555582167
804,435800391253;650334,568904137
815,934788033485;669001,62492705
814,467843658186;666606,644287465
800,266077840261;643631,492007446
800,678664253964;644285,491912301
803,587581917626;648971,32589439
797,025479356893;638444,8475922
816,814334720845;670440,184627432
795,520812177108;636043,637890624
796,794940067325;638076,07247491
803,414077448854;648685,23756945
815,278297770334;667926,893648903
817,340315951622;671302,676005675
802,203170551929;646740,571149364
804,104979989305;649801,523127314
807,779957709893;655735,699197606
811,067578918328;661067,65275053
794,977178316647;635174,219310769
791,985056525264;630420,899360368
795,711026383773;636348,957198343
799,104263705324;641768,366926687
799,727717018351;642766,785687488
811,038512867619;661021,782112065
818,221923883205;672744,371934843
792,074640931438;630563,21382288
815,047569547767;667550,800763825
807,946447039471;656010,471656724
806,428723390852;653549,384718361
800,091267145981;643353,35788855
817,645445852008;671800,468794688
806,743354610584;654062,181982969
815,895295783669;668938,855044329
804,875905154291;651044,410653739
802,250269271497;646816,686971312
800,923644338892;644683,649518451
811,890138614765;662406,885789271
818,249995539182;672790,425218796
813,865769851908;665633,063964221
815,410803651591;668146,289107165
807,976856826308;656057,709034065
799,125252706989;641803,286537646
802,918845247041;647892,989289983
794,531866270301;634467,325301031
810,641868080707;660377,595633348
812,481163460319;663372,768633492
796,109368687887;636982,259098507
797,868305973897;639791,295618133
810,739003567307;660536,121716395
809,181440560648;658007,894089261
812,724407010867;663761,838723717
795,024982058548;635256,078782535
811,165252605995;661223,531846674
811,8745850799;662379,999256576
814,08148810029;665976,676245516
804,399369033346;650275,200635279
793,56655923347;632932,62602803
801,672860107659;645887,914701424
819,362216521664;674615,212318138
805,225139564179;651608,975057003
812,500928543856;663398,244209974
807,624229388537;655482,31720384
794,117604391135;633808,933873594
815,902544052666;668947,464490379
816,987116768543;670722,828772195
801,559620066054;645705,269797043
802,180585199076;646702,189609823
803,417158205993;648692,984132933
794,275660770748;634060,406668681
804,827224009195;650967,90166927
808,059320447597;656189,179381715
817,862434115184;672155,746358567
807,498574705001;655281,900523815
810,323788263778;659857,421907999
807,730642417337;655654,035039555
814,261065809726;666267,458197707
803,663100767963;649088,505271553
798,100376892668;640160,979099526
792,480426303791;631208,536402208
808,695564515348;657219,659404369
813,132412775931;664425,092988903
813,790276273076;665497,895789905
817,660439827352;671822,41703857
812,544388726634;663469,310154125
804,595808649668;650591,785207491
805,197017778496;651560,755277647
811,368948897372;661562,060294874
806,865817285028;654261,3673905
807,308555804208;654970,101088753
812,564118946027;663502,217570134
807,942515383885;655998,560485522
792,717426465983;631582,682262984
810,224805884114;659698,387983463
815,603111560131;668458,626873455
797,385979191845;639015,312934563
792,646360660182;631466,498774449
815,716714875457;668643,124327608
795,195601995986;635524,007084306
801,63874609545;645831,59239763
793,861886962941;633400,824592946
808,856649142566;657477,903426487
811,17908094566;661248,166773679
807,995459453937;656084,337008495
817,434664799806;671463,693018519
793,932947422462;633514,553518553
805,440646981146;651957,739270317
798,597229690581;640957,526119826
794,75341866331;634820,652767664
816,213066982923;669456,130787628
811,749294143385;662179,37454192
797,201816967383;638726,616264036
819,885616339179;675475,462290443
815,725762234309;668660,307685185
803,220124592641;648376,450754231
818,902377966158;673867,961296344
793,64156287441;633056,259367945
818,214440477884;672734,428152254
812,688533045972;663706,937168096
795,740035598594;636398,713592502
794,664671263254;634683,45291535
818,745818031627;673607,126340695
807,347652475974;655034,320277488
797,325308834043;638924,411932421
808,347381422742;656654,495594798
817,238317390147;671130,602744464
813,955062172546;665768,774833759
794,467754021483;634367,169993999
799,669466878804;642675,799802197
807,685243988104;655580,878807451
814,522448401439;666693,096305912
818,605755770329;673372,019304902
810,389551879804;659962,454751074
815,696450988003;668611,380660987
816,537412073293;669988,134328637
801,995894072874;646407,212420024
819,458533620799;674771,856188817
797,352573735046;638966,290350727
800,417289708336;643871,835605222
798,062965572317;640106,16261265
804,40970215252;650291,512978588
817,418674409876;671427,692154493
800,200224697379;643524,50953561
811,545811969852;661845,952819916
795,949967712208;636733,122528509
798,463480845907;640745,037536258
804,885050366065;651061,962641033
816,424157792718;669798,42274654
811,354998733187;661535,515908535
804,959141313029;651178,217874062
802,748853184183;647614,92899902
800,300686829998;643686,978318138
818,114640924001;672570,190653173
811,130916089882;661170,088004381
797,544826787555;639277,503381458
819,313232351821;674542,551155457
791,93626272165;630344,191441788
811,479239132365;661737,584290342
804,875957823815;651044,128625843
800,176821663676;643488,385604395
816,647653211836;670161,403683995
809,296400117863;658191,609386315
801,560682449202;645708,463688349
801,784708696587;646070,797713912
803,43552959035;648726,804321216
813,449224311274;664942,741515266
809,110773059367;657896,845840238
809,437643273736;658420,832223752
815,167917328534;667750,181170836
806,656544603711;653919,831356058
808,128686942993;656299,899593486
819,699938471024;675168,761018549
805,631245226696;652260,284823532
802,930457207037;647910,375874857
800,838028458969;644550,680283204
815,764624723015;668725,064008232
819,520590864942;674875,985557438
811,973141963677;662544,8547171
810,503344314782;660151,166206956
809,215448227217;658061,713861764
795,713427030111;636350,989673247
793,185451735932;632320,928509281
798,551341890082;640882,576330889
804,205761092183;649961,66224191
792,599236482455;631395,454055835
812,745244163518;663798,946914841
816,957649340202;670675,440101722
818,886021202732;673834,245475763
808,296317023382;656566,568190668
797,342799648766;638951,446000356
815,195792418731;667796,146807038
800,990527560592;644788,64138136
807,933922412163;655985,219494026
796,085689594154;636944,460821503
808,628771027156;657110,221200819
815,043569457132;667550,208722075
793,236208217567;632408,905596427
802,712217081087;647559,357882484
802,914024602431;647882,804678533
805,374062224521;651851,717603084
800,103618185846;643368,513322308
802,32852652374;646939,765322123
810,65235641532;660397,383773509
815,807287196833;668791,790182947
795,783525345901;636464,859345761
805,563361710689;652152,252777977
801,44414421952;645520,650472914
813,149294554711;664452,721057199
807,630157799678;655496,841451815
820,392118719046;676309,823337171
812,246392836843;662983,296086515
804,614609089653;650618,26266626
814,690744600308;666970,206055658
814,297703539371;666330,936943827
794,483024130184;634390,192413866
813,158889100647;664473,123776645
802,167050498169;646689,155815718
796,8553168197;638171,280414128
795,932346733568;636699,500535567
809,318346090303;658226,608410926
813,255770005663;664626,734099877
801,810404264449;646107,324166311
812,50383474029;663401,530163141
810,18526527113;659635,125561268
819,639919272784;675071,487148905
800,272695528208;643642,806763781
802,60115545523;647382,071987774
802,077994167127;646541,087930374
815,246967396758;667876,119352202
802,05379633092;646493,220151467
808,780096487014;657354,783585312
811,802542384767;662260,040502966
793,494470228353;632817,976298072
816,781012964658;670389,285374694
801,745730222937;646009,958735805
810,133841897738;659548,468677295
815,443197861543;668204,165724706
799,55943873152;642501,262247543
801,678424345144;645897,690383961
816,945040532317;670649,378675632
803,467302158605;648772,210895233
801,697716656215;645928,044197716
807,616222994382;655474,320319172
814,81463588474;667172,095878427
801,70546241589;645943,961907452
808,767970644191;657336,05341393
801,33107419895;645339,99355887
818,453472366435;673131,586216315
796,568985292782;637715,645387741
802,23800857843;646801,929217788
808,062454534212;656190,557115941
801,587550418919;645750,282423671
803,718018141934;649182,225058299
800,317790992691;643713,584020641
815,211151614321;667822,275856911
797,28794514358;638870,374539128
813,45608198186;664956,971443944
801,627107424052;645813,876496575
805,583771627579;652184,768743455
812,549901614501;663478,207284481
801,997864303682;646410,517285185
818,84863114751;673773,898239973
792,754186440118;631642,621019616
819,808753632723;675350,078926436
799,07117058593;641718,365653677
813,029136680206;664258,767012169
805,406300032454;651896,179030603
795,954027618517;636735,837293601
798,423059056666;640676,739118086
801,784514263985;646063,916949071
800,323569954644;643734,160212286
798,168861698511;640271,601519688
798,867070057129;641389,09478921
816,633268199108;670138,708295159
811,890705720408;662401,897867457
801,369286401364;645403,193523586
800,163055912817;643465,75223908
807,53308361531;655335,979332063
820,071641142236;675780,907664928
798,398392014401;640640,99167191
799,567151873555;642511,20743755
798,937066940255;641505,559774645
807,247019529046;654871,188420049
793,486511884056;632804,054479014
806,498616094848;653664,486694594
800,255383213905;643613,478150356
798,722556597828;641160,545345704
815,436718843565;668184,788034873
817,846395322089;672133,36289079
809,06361404416;657822,755015807
807,88072445381;655902,047010985
815,392263632767;668113,640426121
812,243171343218;662978,76005811
801,252897007582;645215,085004676
803,742399031566;649215,919202826
795,92358156097;636702,647424728
802,01478315978;646443,141105119
795,70676605863;636339,71739724
807,786951377308;655747,835476524
818,146142171883;672620,578948303
815,438297962666;668193,037778346
796,48238173764;637575,578010277
807,872874495006;655889,25704587
793,966653884154;633562,44300138
796,804378297901;638084,009314625
811,387307589314;661588,742354503
812,085594642239;662723,693742567
806,809983837325;654167,525474561
793,152494640032;632274,684476921
797,555065200247;639289,941779944
812,267730013323;663018,386825003
806,471668297572;653620,707597854
797,267149454597;638830,464625384
795,586384693625;636148,610466297
811,030700366105;661008,93283136
812,50098709962;663402,656889689
812,551207620026;663479,444327771
817,838261463822;672114,487416864
814,569101099939;666770,059627243
794,783021101885;634865,82932624
800,174239823778;643486,228401084
816,074505259743;669228,931001615
813,861541724435;665618,078551087
803,2622247938;648441,854835528
805,385174847306;651866,221235513
810,065395635773;659440,214739278
794,286712251289;634078,672782396
806,72183350741;654019,784501045
809,31779589677;658225,995543002
801,969378204352;646364,610322209
797,300387383515;638885,894323245
798,913131738383;641463,456861949
817,214434244509;671096,636121848
795,962371441595;636751,118440762
794,179587000677;633907,237892479
818,359714848808;672972,440124079
801,218253900314;645159,205174936
808,801601698004;657388,405706109
815,41769915944;668158,250688522
808,079709892635;656223,615386471
816,846734517059;670492,338404745
792,448567235127;631153,508661206
800,732628483551;644376,163395115
814,459373064277;666589,706423769
806,20913607569;653195,608084238
815,970094152791;669060,149373864
803,351194924412;648586,807586761
804,627231249906;650642,729344515
819,430918258481;674730,686706588
795,188214243746;635513,523752992
817,538948249326;671627,501562958
820,511264986731;676504,458842103
818,139302080025;672610,922820376
811,692343689819;662083,547503477
802,210948315956;646756,583815666
815,845961805798;668855,366066827
809,608387522182;658699,269113148
792,420618490259;631112,632913092
810,521396215583;660177,977733833
809,140484383398;657940,021325635
816,852963739774;670502,889353633
809,458505117934;658455,44310112
800,498381615521;643996,504571984
809,89780169277;659168,725215593
818,605384083883;673374,430252955
795,171046792297;635486,042124127
808,902439390122;657554,327866691
798,546636223821;640874,833162119
797,978586436263;639967,539757887
799,450120366223;642323,505111115
819,276758090351;674477,771782633
806,944674980501;654383,891021889
818,334689845771;672929,724567534
796,952551845766;638327,15182053
795,335449399494;635748,005835712
818,707901261174;673545,109411965
809,368678662602;658310,492080112
805,1350137905;651460,871924981
816,989309236608;670723,051009777
804,763746394467;650862,130141457
803,855824813067;649402,405099881
814,046015972992;665916,378385956
810,758426482263;660563,36503614
806,309256486362;653357,160081412
796,468264545538;637557,370922922
814,759017761461;667090,771956693
806,875021519198;654272,220321949
802,354679145205;646982,591771171
801,762890181594;646032,019522277
819,997914322265;675662,067172334
812,704319637311;663731,21335733
813,893685685824;665664,952764522
797,675700060247;639481,079729746
793,475903344806;632786,306537426
793,372972324119;632624,337784193
797,846883216942;639757,363139102
800,888827624182;644629,918750646
817,122519113604;670945,483176981
796,96537221168;638346,563239278
811,296571399792;661439,764694277
803,168365130229;648290,542563031
819,557592441599;674937,643822752
796,32407953581;637325,213928243
805,015886634767;651268,784109014
811,278726910653;661412,248518096
817,936976829468;672275,743810309
816,031329243075;669155,332691236
811,363564120238;661548,471759137
800,695092632209;644318,9804629
800,896338520848;644641,558293611
802,359943811029;646991,27822152
817,850166915921;672136,197030941
802,767130495345;647643,916051904
811,954357802514;662510,355547516
818,381637436272;673005,147542562
813,867904090852;665623,909292592
810,659558061023;660405,015466279
801,458556743592;645545,033205038
805,241215301269;651633,63597216
794,369889314301;634209,525403415
808,39624146823;656730,947167512
798,601268738398;640964,034658746
815,794687841598;668771,046133601
799,231816798196;641970,98226493
808,00004187578;656084,759873322
799,746683726309;642800,854051696
801,902411522022;646259,170127663
792,510763482548;631252,331187094
793,241057206793;632415,080392699
809,773541395032;658965,763125333
797,392108781767;639030,031380758
816,817781411513;670444,306230585
805,50441940788;652057,874061433
817,560480385035;671655,41791036
808,250675218421;656493,537676626
805,090472565924;651390,475519937
795,79241786262;636476,729853611
802,257692234524;646826,63811375
805,572435254314;652166,517637132
799,289071356429;642065,601879728
796,456374312338;637537,174856591
802,219348388299;646763,832490544
814,504257697345;666664,873497979
797,939323616516;639904,280937058
810,030122700733;659383,372547745
813,494551319007;665021,703047263
793,239865219688;632413,006442444
796,361638572141;637384,366802893
814,900520511888;667310,535009008
805,330795434419;651779,437870591
810,626441290007;660351,481055632
800,22694475113;643559,929818447
800,391135780298;643829,762085884
814,432440059264;666545,407859385
800,472872820814;643959,987853106
802,70617627141;647548,574333784
801,227851666017;645170,302780099
805,683651522317;652346,16159278
800,222202834158;643567,437256377
800,41543179607;643870,061803292
793,414473515276;632691,920165838
805,486459380433;652032,156091929
806,216058474927;653204,424187178
803,791832788885;649296,698094713
799,211736690781;641939,706986003
813,796412042551;665510,202599399
796,842864653817;638153,823336171
820,200414533499;675996,086779319
793,014979361153;632059,080727069
813,167817314784;664485,43497229
803,343022708919;648573,985740781
803,93333124629;649525,166133648
806,759524707514;654086,365143228
793,372712109609;632621,254823804
793,192963132561;632337,649154557
803,958474527437;649563,894042689
816,453565985344;669848,904532681
804,52576988957;650479,23551928
810,507674521537;660161,293973561
805,651546471447;652292,826471912
812,166925132165;662857,534259076
805,562028593793;652147,98105369
810,706173462221;660480,829751283
803,868123070084;649413,857158124
808,357107359172;656669,908859548
801,998982869432;646414,1098778
796,944523573194;638313,58288868
805,406255475677;651896,654743082
818,014849462866;672406,601369911
801,412883520904;645472,299428507
813,813306807059;665533,919692477
802,402931467989;647063,355470029
797,05985659006;638499,044123504
798,67021504419;641074,644853057
796,473083796915;637562,117592645
794,31815369683;634126,503797188
799,730251135035;642771,740605543
805,376965421172;651853,286224437
799,867120287321;642992,998101181
810,589743784686;660290,22715618
802,532889593549;647267,479174623
815,57073710875;668406,853731968
793,482684900898;632800,38649326
812,233247494438;662961,41663924
803,343684721029;648583,941647077
819,898782240097;675500,105175054
808,409608967898;656755,796460471
813,263386288038;664635,835461848
793,467685172638;632782,07690734
806,243485370879;653251,383064206
820,264997414939;676098,042064168
798,826616103548;641319,743806876
793,483114483156;632799,440167638
816,628913820768;670137,046147991
802,633106983873;647434,0386481
818,144867877398;672618,008083033
820,433161676686;676370,887242851
808,290148936245;656559,169909846
804,135294429706;649852,205187434
806,41427405611;653529,697759992
797,919183073473;639873,505932673
798,775477656211;641243,367129854
803,954525573103;649558,658228797
796,112204402753;636992,28043104
794,100877707802;633783,951049073
819,732617460376;675222,947314591
803,470932849296;648780,247932112
802,078754532123;646538,852993069
799,081388200126;641730,446025819
804,871223886265;651033,38029496
815,75029828605;668699,645555584
793,450179745638;632747,178351807
813,313660511226;664726,29696235
818,721726987695;673564,849526453
816,867327734023;670526,758074587
810,428437126864;660028,442724351
793,802213806335;633306,631751047
792,493748086767;631230,375446153
807,949744260951;656007,780938728
815,463386241125;668230,76349089
802,907779220885;647874,128642207
814,863042723013;667250,541891339
808,207923151084;656428,335141651
816,770004567666;670370,253795282
796,465803276918;637556,533682255
798,858744186085;641374,963581685
809,992694441608;659317,895558393
803,096197877439;648171,439876487
796,234019097404;637182,310209172
800,260192526002;643621,82185699
815,140398139259;667702,483873454
801,439946709832;645514,205782773
793,712407416218;633159,176569309
805,964996356637;652803,390998952
812,570523456061;663512,246786352
811,223013020969;661320,499634408
809,488429819863;658501,477013569
802,522270848371;647249,993711842
801,653093304246;645854,829643808
804,305653546012;650125,916044875
801,689807455029;645912,492322299
819,408364136701;674686,821621954
794,120088724753;633812,545910868
818,59207309346;673353,979130642
816,925581206662;670621,333345679
811,09669447879;661117,871882284
818,686408242635;673505,740862715
793,300049339331;632508,427299819
809,467147079446;658465,775983708
807,940392597446;655994,220545884
813,215892857023;664563,363737265
817,777776525939;672015,81088369
816,03919850715;669171,903185403
804,148061979441;649865,298568154
798,714027654807;641139,285257666
812,795072672281;663880,729212662
807,043592351534;654545,59103522
809,849560989145;659088,501493233
798,552200161328;640885,899057465
809,15652090999;657968,376431213
801,632128734146;645822,48390396
799,778792296924;642853,216700421
794,140029362257;633844,927034574
797,578729508382;639330,236719458
795,969609018033;636757,952035828
794,300132253826;634098,979841949
809,916718570999;659197,872406516
817,316194756537;671257,472776723
820,111924201513;675835,801941166
809,630335314489;658733,221467475
817,968403689397;672328,763644437
812,577898795866;663522,420938171
815,366254334267;668072,149231605
810,124516785645;659533,17095425
804,511598968021;650456,741795538
809,108574598402;657888,081206203
795,614961693045;636195,391068998
805,36178651254;651827,514129398
811,545259209838;661843,779541056
813,043137294075;664283,194477989
818,306807249451;672885,856081526
804,03725933485;649689,459370764
817,170300877095;671022,913344954
819,980487882885;675635,406930434
813,946833614462;665756,638983142
820,065999810327;675773,01839889
809,464855031918;658466,099281747
803,015080892068;648047,900072779
813,786718590437;665489,950859597
808,478692157121;656866,416172473
811,630613855325;661983,091033455
811,859937232852;662356,214889258
808,18533739826;656390,548727585
799,048318852347;641679,359117022
794,876335391575;635014,500547188
797,436271187081;639099,884066466
802,158304784163;646667,792339689
794,05720740689;633713,900224573
817,069519694223;670857,731648813
804,307909629474;650132,63169954
809,201976461758;658039,669126987
818,202251232981;672711,572706098
805,214173284141;651588,513157159
799,821285123014;642918,857383549
819,01231109365;674043,769199164
814,051355153425;665926,145291902
808,768670353575;657335,830429291
804,605991513045;650608,203844638
801,183560703336;645101,993675228
819,814194579127;675359,444991423
793,592237262601;632968,63448932
794,89853559229;635051,877283414
818,339696023626;672936,375560115
802,117813733266;646605,25420468
795,310205852266;635709,378403953
794,878287790339;635017,813576551
815,977771597409;669069,454779942
809,318414465356;658230,809728029
793,72585080373;633187,737711732
809,096251896487;657873,369781129
798,135062983493;640215,830616327
808,052324520346;656177,120007515
809,968671986048;659284,244785362
811,515215989816;661795,713254081
806,636648043018;653884,280928683
813,278588541648;664662,558394879
796,255427502064;637215,49161884
807,129717561279;654682,97328126
796,485859806038;637583,521225831
797,106744931514;638574,698201157
801,253549333727;645219,4297253
816,606387210332;670100,975916546
797,089805383579;638547,54170085
792,295406168057;630911,911279018
792,892772161562;631863,019993638
792,350626300126;630995,830712447
795,171795838112;635488,976400538
799,075208373839;641715,514144943
807,734816282069;655658,972329237
814,729989634675;667029,418276778
817,816610743358;672080,832653332
808,847986142576;657464,355693694
793,6155712213;633010,851828511
814,148469768202;666083,620896534
805,536541424189;652109,070221001
813,828466250432;665559,847902089
802,916071614351;647886,50247926
803,866324213546;649414,739116223
807,452656013404;655206,754869648
817,658724178127;671823,330119599
808,914240636425;657571,072465962
805,477843663689;652016,125723055
809,03030144731;657757,380810708
807,71667330119;655630,985977375
798,08190746207;640131,843924206
811,029600412341;661005,797648196
814,714280164423;667004,366196085
810,618774211306;660338,334401404
807,017433870492;654502,618231683
819,918254878123;675529,680745294
815,200886083591;667801,262254802
819,307964232914;674524,640391823
793,285602364418;632486,368481847
800,928767834927;644695,250258275
799,892809548972;643033,674532792
800,012550566966;643220,888885759
795,450685603363;635935,001878069
799,516647373692;642430,515873927
803,606771642784;648994,909680462
816,552818125493;670011,267331319
813,916314748848;665703,761232422
805,263489956598;651667,337592683
819,245516610345;674426,878253507
808,770974906864;657344,014169746
793,923394193538;633497,341893826
791,933787307387;630341,049789439
818,786360625462;673672,00591605
810,945095292067;660864,452849712
812,227576398015;662954,01514508
805,35049226956;651809,451613676
809,259296941889;658131,416576026
792,900288904471;631873,304688424
800,449212612382;643925,035471979
805,654746286641;652302,902436029
801,947219367312;646329,392394535
801,853840695612;646179,592714132
806,700387858778;653986,45777712
801,255213433347;645218,590092871
796,145759902031;637043,554023455
818,467749940269;673151,786402113
818,864870692749;673799,921184413
813,505644023233;665035,441590596
818,938173276743;673919,122036902
820,358129517808;676249,81317818
815,370080804128;668079,369979622
801,256069638076;645216,927892709
801,365216182469;645394,681686941
811,781456403449;662228,410361501
815,127330724549;667677,9504014
812,77694341041;663854,69078293
815,294467887263;667955,598569227
817,853263465251;672142,930273685
806,411533874333;653526,373693316
792,583629151481;631371,294998056
804,480875310556;650405,772741633
808,364137163973;656681,568474403
801,971890189303;646368,024207269
812,120119398068;662775,874555653
797,235465839907;638780,563343592
794,492358754922;634403,883271257
807,903168390227;655934,047193047
819,594104227021;674994,865424796
814,263364683427;666268,764137265
806,257590010556;653272,965857247
800,24946218223;643603,996645253
794,733884056434;634790,207588757
796,404207166083;637453,858762656
793,028380911692;632076,979003203
791,999503593503;630443,625325739
795,180528673049;635501,633700367
813,75069988268;665434,597063818
810,64765630199;660385,152930082
810,847777765302;660711,229664798
816,12488750845;669315,878558811
814,665934401732;666930,59475115
798,41402239704;640665,964582098
817,044887429442;670819,156126345
794,604284418275;634583,787647304
792,625543972717;631437,242062675
818,355760508196;672965,113104582
809,048002560154;657792,717732651
810,252909191135;659748,049351626
814,864522922603;667256,499686808
806,878364690688;654274,649597584
820,498784896201;676481,526160468
799,947872719063;643120,356696477
807,842582579641;655837,448135652
812,730605842446;663772,977664215
794,369101544621;634209,131770098
806,814120444752;654174,965277703
814,014583726786;665862,707517304
811,830277398429;662306,036523367
817,959519005444;672316,448487294
819,133087223431;674238,05963954
811,757921765933;662187,569141348
820,364779803397;676265,112838193
815,772756281449;668737,555506001
795,36137898376;635788,880496634
793,844030048035;633368,47113263
792,173055305524;630719,877268911
797,526220806836;639245,887744204
797,677065181495;639485,52733677
799,231693133808;641976,879332149
818,588706630322;673349,631572299
808,748351443435;657306,044044357
814,221731421823;666210,622330481
808,423089319403;656779,982855268
803,514496957889;648850,988684991
808,487453176687;656884,285234166
799,980592998761;643173,150654639
803,587015418606;648967,82505798
816,610467081863;670106,776320596
817,76163043394;671992,970649855
812,827560048827;663931,49271002
819,314009668924;674537,620451288
800,318640097934;643714,953998276
799,921074557629;643075,365681221
796,885874742488;638221,672118953
818,927103417531;673904,413091813
814,608930678687;666835,078262766
806,29257894614;653329,599981505
805,725325627633;652413,636632387
813,242625869837;664606,037517226
802,698203788135;647537,08619612
805,384230168977;651856,772483146
814,389135525226;666476,18571913
793,533893509826;632883,860665245
804,909960584072;651099,815420851
804,553268640324;650525,45214434
812,726876272242;663767,893439198
810,096306426369;659492,218903929
809,058045553649;657806,133953048
820,058553502323;675760,875680357
812,923545285302;664087,642411791
804,793141208061;650910,033367852
811,698959211256;662094,795369571
802,99664815215;648017,029240116
816,844314605448;670488,124695632
794,996559007991;635209,54183733
792,686883615438;631533,530418315
812,838835473168;663948,158692698
816,878797657628;670546,298457278
806,553619609254;653751,458896962
798,574457571238;640920,086986465
794,68501975792;634710,487269541
814,420279525618;666531,93122608
811,404227791981;661611,243990349
798,228576278787;640366,985826965
814,685083443166;666959,501167741
801,308933400604;645304,52624367
796,709825651126;637942,109803953
793,217373453397;632376,235704695
797,956805845193;639940,239739048
810,721688419877;660506,364166307
808,909885258158;657567,718106355
806,794204445466;654134,131696476
809,02450755977;657751,313463964
794,61468249275;634600,726472379
816,943554379825;670650,873029284
803,642651807231;649054,469636237
798,373189810849;640598,878981822
811,098018076375;661114,877056364
792,621980830473;631431,159185044
808,517527834434;656929,418196907
795,155008985798;635462,008412546
801,94555939406;646326,732168321
815,470301720863;668243,905539845
797,06124614954;638502,8403806
800,20168869814;643527,010598224
808,248512354881;656495,104961004
816,776145050133;670381,179577723
797,397960945091;639040,988073492
803,205662438826;648353,333402589
794,527384061209;634461,122716435
816,788009691851;670396,615887677
810,5895394728;660291,065697688
797,580206714855;639336,279659409
795,200155953222;635535,21664431
820,023408224715;675702,094284867
818,218937672559;672744,962924379
799,131495108751;641812,534253553
792,319625262726;630949,308267518
811,597540047868;661927,620115671
817,821862450118;672093,057566075
803,676540149098;649109,474189946
796,883559036672;638215,506250667
816,12295550821;669307,964032041
796,740121492873;637990,568521358
815,143239980348;667707,868150531
792,919142213965;631902,607759537
808,093492622266;656244,732622153
810,594334159288;660293,734552901
795,153405581787;635457,627469558
803,562191287705;648926,672229505
812,800652841948;663887,263885387
807,329453185835;655004,074567585
804,03819298731;649693,969472995
794,876423058566;635016,545568525
806,818116629003;654179,487293236
801,76609968942;646037,885905623
814,691980464239;666971,809463481
801,35208503237;645371,110373049
802,548870510831;647293,348810486
814,779852380962;667113,968637531
819,198415317629;674349,677334823
792,441344717601;631147,50021895
805,833120036505;652587,258112819
815,029116569313;667524,816372768
792,102737552276;630613,583706176
812,656665457924;663651,93107441
817,940164072237;672285,285608754
792,171440469008;630715,854670065
799,084281404167;641737,695629013
814,728301070158;667029,243028033
816,939429918186;670644,325419473
806,563470989943;653764,68271056
797,379249991966;639013,360130438
808,836399087445;657444,108750135
808,440294468124;656805,327498563
817,317310549154;671262,514048306
795,963859600609;636745,568187357
807,871207808906;655881,139524211
811,483994675018;661745,15898099
815,497410926463;668287,392597669
814,151120676437;666088,236336485
793,155835891661;632279,076381922
811,162307212397;661223,341190348
814,824562313334;667189,117590427
799,058497869335;641695,285859198
804,858402520423;651014,505660106
801,659553950219;645869,154314131
792,16788898592;630708,426926014
793,221240273674;632387,696882131
811,239836197322;661346,051803458
800,755965335375;644414,253003845
798,565900776899;640908,003585637
796,97032069371;638357,33302383
813,101090655091;664381,605605327
816,887043367804;670559,123641162
818,218863311272;672745,527188182
811,511768819183;661788,303445066
797,912375265946;639861,571248183
796,010056405422;636823,653782111
808,413225919583;656760,757579471
795,172661335502;635490,546893005
795,094251574292;635364,816246821
792,160036973931;630698,88309055
807,565015045407;655386,320227059
819,947009064726;675576,755996544
807,507375521688;655293,281299643
802,420618268535;647089,743576088
804,806540685416;650930,637447013
802,256709712266;646822,871634939
807,810352344494;655783,862786609
802,50245632841;647221,278053908
800,612692979626;644186,380181608
805,158064103052;651494,947596576
812,969722558194;664160,602370249
813,049847015364;664293,46261101
815,62691405827;668498,71334787
799,548685209424;642478,984255104
816,397402281532;669758,884457704
800,693505367031;644316,411101847
806,889847053393;654297,793227015
812,972956237605;664167,318319678
811,624268967644;661971,903850206
791,92017363886;630315,830608836
805,329089104521;651775,083387601
820,175747277916;675957,705553734
801,823757158507;646130,39937329
800,54854112034;644083,304475675
805,036622021446;651303,268245929
819,817847481545;675365,653085331
811,433379363171;661662,221574727
815,403534657426;668132,7320759
800,660741757135;644264,060739785
803,861388703912;649409,646482122
811,004238320356;660965,152413534
805,058627409587;651341,440752665
816,3922888781;669748,823023486
805,836467174375;652594,195416186
796,176630475536;637087,176923674
814,75576989641;667076,293573632
797,344594618918;638958,330699796
819,239554568302;674419,913013225
793,919483949737;633496,312822446
799,295818355021;642076,597209114
809,510339794906;658540,328114996
799,504995256601;642410,831535624
803,517092016831;648851,364163732
795,454539324587;635937,656774945
794,209098492497;633953,340575783
794,402122715886;634261,297425763
812,241899035256;662980,790530132
808,448627951951;656820,430056869
793,316333534674;632538,429321601
799,181502357917;641888,44223284
814,191155626995;666153,409775541
799,059867070288;641699,561494297
805,360530523398;651827,752527427
806,401013395379;653505,111351633
811,436863951098;661666,425340865
817,134512466011;670965,444397137
795,186989185699;635509,457650229
800,866166136836;644596,827160163
800,989772961846;644792,783926144
815,481527342141;668258,755691479
808,969885557766;657664,615650433
810,289089293884;659804,553632097
813,771128984848;665467,458454225
801,528562319423;645656,842835063
797,432750361775;639091,903174662
792,633837046134;631447,704282325
809,31182773517;658217,825310454
811,491114066671;661754,169895518
795,886374032544;636626,113802803
794,293099569234;634087,125265617
794,199649736015;633938,469364649
797,605501658365;639367,937512387
808,819846991482;657415,186506242
803,532435946859;648877,11373113
797,136376514647;638624,123950544
812,677935819237;663687,163234586
802,014510612829;646436,07121995
816,711711091254;670272,383750239
811,027867317713;661004,410142125
800,848992579163;644563,892680069
819,394272069448;674677,399847085
819,671108136597;675124,235511321
807,431159468453;655174,426622652
820,004494046291;675672,60696314
815,484761814827;668264,333787068
807,680647073976;655576,274304158
814,951903188224;667394,15409776
801,090666289939;644960,81364052
814,493670249903;666645,347599434
806,67701138982;653953,270988896
820,308843083165;676175,365601167
818,616253757576;673392,080497303
792,286764079888;630897,03764904
811,584586944889;661912,84530088
803,660334474742;649083,3440163
804,788162568213;650902,191984749
808,61705728119;657089,983642588
814,013518437181;665860,972380391
794,548476348736;634495,283223529
818,581675418956;673340,80772466
802,973357270335;647979,149335283
794,811596941389;634916,162909104
799,333247520747;642133,537142893
815,751533136721;668701,326261832
819,774845458956;675295,837075977
797,789095017312;639665,152995009
795,146793586762;635448,061039615
792,120014769117;630628,806573453
807,029630581522;654520,83787474
813,163798505503;664474,565517711
807,410464645506;655132,387510801
813,19026467762;664522,955333101
815,574796288444;668411,923395032
799,29503890474;642070,465914931
801,917297038545;646283,160983572
814,065734613222;665950,680681833
802,094669394183;646566,090676013
798,769907205841;641233,975874108
818,712072852736;673549,110436615
796,735684213864;637986,558253924
804,620167540891;650630,094603523
820,49450190603;676476,42237789
792,38009166195;631045,553622084
806,126544083687;653063,930869103
799,114519956725;641786,348033539
820,177435109153;675955,754261837
818,022935151285;672419,197859803
818,674885796163;673489,540684749
794,156641747192;633872,009267123
820,513541515381;676509,837559349
792,264101312635;630865,702761597
797,575947609624;639324,003114414
793,766266973377;633252,710709962
795,637341307449;636232,167640851
792,972306181443;631987,932608636
799,17476667184;641883,32180893
793,364517115764;632610,875493834
793,532664498732;632879,300513606
793,909004407822;633478,262665467
810,899274306734;660793,029038518
813,710865970912;665373,500416237
813,047728035317;664289,247329558
803,159321524439;648276,525864902
814,400372699001;666495,286948763
799,927182469119;643088,806478281
803,03931100594;648078,448748075
811,551418264295;661853,442951581
801,683649673813;645907,382261651
807,446298213324;655194,884408257
803,456374142465;648750,700826012
817,188466576331;671048,392785141
815,239251874895;667865,458987151
792,765190637413;631657,324427437
817,712859228691;671911,700333594
799,725609397482;642765,695092889
800,732620277478;644377,09874706
802,015243793125;646438,700549904
813,349367574861;664779,543654083
797,101354081486;638560,993057998
807,606797042917;655453,395937596
816,945037385878;670654,215825344
814,8033632002;667152,907346808
797,774896684412;639641,891926431
812,54404715801;663471,967397603
793,641620536906;633052,145750292
819,811946641742;675355,584882078
793,87918619819;633429,119180099
805,392436695321;651880,050098257
812,596285239133;663555,340887589
804,519137209375;650469,97094049
819,039804598117;674085,304445429
820,50562220826;676493,215175518
792,738493901975;631616,646604307
809,836034187667;659061,161590395
804,886120955285;651060,271623578
819,370641752187;674629,910112884
798,866496558615;641386,00984445
814,670091627667;666939,689434477
798,383846033316;640616,348557808
797,744889881756;639594,99366966
816,972985004161;670698,26601287
806,192182122131;653169,797590455
818,779051200889;673662,05317655
805,114102876519;651424,825257304
794,097197667347;633773,930386505
794,858136028108;634985,793479077
800,772733395715;644444,772188895
817,278946351068;671203,176647964
815,734394583182;668672,566101593
815,929409702551;668994,565163446
817,955487810392;672306,326888337
798,57608813995;640923,303972872
812,906081221977;664059,988059055
809,639294646375;658749,057789914
806,200610672413;653177,786414481
802,862100171952;647798,220553734
819,675870898727;675131,353924577
803,941362371989;649533,384332978
803,866863267884;649419,50199046
797,030729463769;638452,892980059
820,178793270904;675958,84097879
813,641646951515;665259,647672596
814,803998820887;667154,967770336
800,510134705308;644021,750357887
806,444073053798;653574,60484222
819,26402725796;674451,373056685
812,036168924338;662642,143186857
792,950463228218;631953,639992399
801,347692096819;645363,779117881
806,156364806471;653108,496106879
814,848031775564;667227,007715839
815,730436009543;668665,669420989
803,056997206529;648116,458775825
810,017731450444;659360,99318479
803,767074726538;649262,136230565
806,480579319619;653638,763493864
793,782985930603;633275,486130048
796,967378879852;638349,116199015
819,181812665323;674320,831667936
811,005142348292;660963,70975644
806,648590659095;653908,043424904
796,049542928986;636887,396619759
793,352259815784;632591,854428882
810,830094284516;660683,057799205
793,211477873214;632366,588694794
815,74922269719;668694,508213757
792,118170009233;630635,57739236
817,631459203796;671776,289241292
808,56618576121;657010,312612159
818,011462287893;672397,594642696
792,577313928322;631361,039720204
799,017645204597;641631,106877507
813,782975454547;665490,40115931
815,027468655189;667520,440247957
794,622621358456;634612,675199171
795,076175875213;635336,51079241
808,018158485233;656119,368239813
809,839505583215;659063,404663199
794,202998433772;633948,644329993
801,170819838338;645082,13186522
809,707357402749;658861,421685178
800,80963514626;644504,781362159
818,148453338028;672625,04892024
797,997707853029;639999,541190321
803,244686389186;648418,519702347
799,799194321052;642878,056581293
808,908144697403;657565,039985024
803,524554443669;648872,200280787
806,897072677362;654307,908434896
792,899333066949;631876,260871221
805,19936065568;651564,896922666
797,679209546373;639487,579780943
815,107464581656;667650,626566761
810,835127180439;660686,799141421
798,64287221549;641028,996722627
812,796298130299;663879,840642216
820,209898680754;676007,539176077
796,461347725897;637540,374063151
819,358184713323;674610,761646404
801,945354828858;646322,285540731
799,890964569104;643029,23951257
815,408983423265;668143,237909076
805,392744313068;651877,183431521
818,028262799219;672428,887968007
794,109781463708;633797,110683199
812,905303844879;664059,06262378
801,398407301439;645445,400140413
817,493011825677;671551,68580093
810,068533768762;659447,466577162
809,303340962433;658202,560453217
805,711593127702;652391,518677766
792,11999832364;630633,683324192
802,782779076667;647674,504964157
809,284114959899;658171,325728107
808,730652150459;657281,300693538
800,488800381956;643987,961629266
816,099911141894;669271,753717874
793,227053706466;632392,564164638
813,175433410506;664500,853307419
809,502752737083;658524,599186582
814,550250110277;666736,011576059
808,341509387522;656647,342769149
796,502660710669;637611,023376162
803,669207999502;649102,602466787
801,866835148933;646201,758952129
804,826220021823;650966,165328511
801,198014597749;645126,496165838
818,150353860545;672633,403528393
796,913513336459;638261,702104589
810,739730901359;660536,94445592
809,649306582117;658765,793350013
792,211485645493;630782,740314991
800,059017812215;643299,315332984
813,976611407018;665804,084815862
810,035497838565;659394,50181343
819,08966698443;674170,938846568
816,021226087266;669143,865092879
805,759062200479;652467,870759872
820,355305628754;676245,71658608
805,7281419639;652417,739527155
809,291105527538;658184,075017028
813,461926819047;664963,877538143
813,604656747368;665199,485763487
794,140472270217;633844,613056082
820,161382110419;675927,222399674
819,361843408655;674619,669304865
814,207922994052;666177,078308312
816,389745608745;669748,083813223
797,826129111617;639723,468449335
807,6058992012;655452,473785046
814,994445710719;667464,746069657
802,597505699252;647373,52966266
806,752993826621;654074,520224183
803,341172402769;648570,717507482
801,121310059851;645003,281046647
802,27118837822;646850,557012037
806,214049653577;653201,322485659
817,999668507716;672378,642089705
812,726416545498;663763,798093104
812,872637794592;664002,245183581
796,14763809283;637052,086879936
798,160276526224;640258,340258465
814,568539027265;666769,567187291
819,065152031163;674129,269436244
799,259905832915;642017,643398813
800,636450581013;644222,993847974
796,556765723406;637696,831571396
796,328573077416;637331,113345615
796,935435783934;638307,984828631
815,965914655134;669056,796422851
792,475594246673;631198,711180667
804,400992175929;650281,076983211
805,469659462397;651999,807716836
811,429246775454;661656,004255572
820,294875420245;676146,623804228
819,260425651832;674453,257308392
807,073607986884;654594,102791558
794,122037003815;633816,72122955
803,56377099343;648929,602602598
804,822014979347;650959,380133784
815,282206220932;667935,096655767
804,712696120752;650778,614132171
800,411264010899;643863,885854954
813,698504865108;665348,640392516
801,694541679224;645931,406900643
819,256147034678;674442,596295223
801,144139608372;645040,389633721
795,935469747651;636707,099221775
819,216777122678;674383,954680163
816,954048007388;670667,131478949
792,976255475753;631987,894041677
806,009711435304;652879,429079034
800,83532526785;644544,171472103
804,196491876046;649948,955820159
805,302659029793;651732,675737616
800,971742386169;644762,217682059
818,439072521446;673100,32441343
814,745544349454;667063,24658635
799,370941900621;642189,10579556
805,151239796719;651488,996042413
817,459659071732;671502,047217789
811,988279241987;662567,91599927
791,989822953796;630425,222165852
800,920433731145;644682,129119861
807,221560310753;654830,253742226
812,75364687567;663811,986262151
816,230640258348;669485,097410855
817,262745623021;671174,583838995
797,334050654997;638937,885798442
817,532412182142;671616,3261714
795,14720994331;635444,702896072
804,265043023757;650058,33060081
807,155283125212;654725,262907255
817,498665416699;671559,828191724
816,235163237825;669494,518252747
818,574238923575;673324,318188131
811,722258199152;662131,95195794
804,728481605505;650805,477207385
806,543396815433;653737,834754313
820,503529912949;676496,084125865
812,414918859087;663258,287453261
797,427130195002;639083,513755372
804,460503264259;650374,153418003
796,25331110183;637211,210589943
798,335446807826;640534,10430979
813,397698818603;664862,543634741
816,397918284205;669758,917972249
811,684220350791;662070,532369149
811,167530187903;661228,691950569
816,887063453017;670559,739955165
798,385962400219;640623,334593975
802,171406443062;646690,779688729
797,368543946436;638992,392140672
814,832536023186;667198,638415032
819,513910894834;674859,286267976
801,18721121926;645108,519779724
793,753275153199;633239,199249971
794,116463800311;633808,109702721
800,187383919608;643506,561142564
812,307717480649;663085,492245624
818,30657975924;672882,944677887
807,650781941072;655528,135376677
820,457036296274;676415,606446551
793,682932241771;633120,575235264
816,252494644079;669521,439250512
800,044954716199;643276,502200682
811,107311730743;661133,471053911
810,030857507578;659383,25444513
812,147275253627;662819,052332825
792,697549437211;631554,319170142
808,996526257257;657705,781558554
805,714105539288;652394,708645007
802,438507094466;647120,417485248
804,642465514533;650674,443149183
794,463883454811;634364,430770564
796,140776115889;637033,33160947
796,56804231433;637714,176902398
811,118695227266;661149,953613537
801,180445888661;645093,504914634
797,34896150302;638960,852669717
814,564075116849;666762,180216667
796,202729647535;637133,653021678
808,807749786588;657399,364377558
814,433406629343;666548,931430686
810,034405384259;659391,875591226
818,565235141571;673309,347362733
817,415886791531;671425,999456668
807,643128388059;655512,628823018
807,243179306845;654866,979508941
811,832009813107;662309,308418418
796,333634651264;637341,380551488
812,157990578486;662844,371353815
820,24821647553;676072,053390016
803,347194087163;648583,440205596
797,328231495952;638934,443120641
812,263453482685;663012,481165225
796,727921248766;637968,327180068
794,009871524477;633638,606003943
812,808400614811;663900,518470291
818,198312244592;672701,822810382
813,57408573886;665148,760876787
810,761874812813;660571,581331052
802,013150031253;646436,901710761
802,136382756659;646631,825157525
803,924866865266;649512,34040823
803,078039517672;648149,290621948
803,221330318753;648377,495724063
805,033149099342;651297,993719575
795,25861135792;635627,651497661
813,990763336608;665827,316053335
793,696357730578;633140,074155579
807,25071887477;654877,741225452
798,428047775784;640685,573814949
807,020942623338;654507,620087829
810,8847962874;660772,359964399
797,680517565085;639490,824531513
817,400501271179;671399,14023223
792,265157789543;630865,350244692
812,170704245452;662861,728979882
819,401636870015;674683,854920155
813,93111853795;665733,43881773
803,48485717535;648800,678295159
814,520379224455;666691,611266358
793,711945082996;633161,820273777
800,06297565924;643304,319387666
793,859221589086;633395,696075042
806,135781862098;653078,815937534
799,32440274724;642120,241008822
818,264232889259;672815,767496952
808,721365302265;657257,245680067
819,312351715526;674537,70972655
813,239574063936;664601,749065787
808,891330007102;657537,658576859
803,214357389838;648366,732836062
803,549831335151;648902,303938172
792,438727960229;631139,819915443
819,138194567302;674244,996285663
807,547821955813;655361,185714655
795,758664410995;636420,928796871
812,077368097343;662711,083346916
812,787982865154;663865,773735797
797,749981606757;639603,767777446
811,703350266942;662101,986623835
811,150942087878;661201,557936353
800,011725659973;643221,750377949
797,994086688315;639993,319277024
813,614411768361;665213,28534177
792,614975423907;631420,408718958
806,679819799995;653960,027302103
819,224515789534;674392,130983776
792,948722967441;631952,290445413
816,852395987511;670502,665216743
818,047449784575;672460,793273837
800,995113655503;644799,535112709
805,345133297225;651800,149524099
820,033547351256;675720,404000807
795,111168863837;635389,218672725
820,141125109134;675901,381030379
804,510483315394;650458,759638686
799,988832362729;643185,977115489
804,684567242248;650735,986312857
816,202357870949;669442,287403888
817,404377610766;671402,213118393
799,613183177006;642579,253522839
817,670125620019;671841,018935134
803,285046842864;648479,543611449
810,065480682954;659436,974731936
817,422317246355;671437,067244602
807,409323041423;655124,483993312
796,475117656453;637569,613280535
792,424063094411;631117,684490299
816,232990874972;669492,29369656
805,796927094685;652531,338645314
805,203980901453;651569,629629129
793,281260391848;632474,625207138
818,595753740537;673357,469033861
811,283222065476;661420,323615307
804,586516695177;650582,691544251
819,233309580062;674403,163493259
792,314165177706;630936,235294885
816,502510164746;669929,895927144
815,088013002107;667618,689646217
807,766752998449;655714,48271321
817,068484022476;670857,223108756
820,169497423361;675946,536314544
813,990727665855;665819,772271441
808,337697669926;656638,12774033
798,910797860548;641461,29146914
